Data,Ativo,Score,Motivo do Veto,Resultado Simulado,Prejuízo Evitado (R$)
2026-02-20 00:00,WLD,46/100,Suporte Macro do BTC Perdido (< EMA50 1D -3%) | Preço < EMA50 4h sem Volume Agressor (Ratio < 1.3),Consolidação sem alvo/stop,"R$ 0,00"
2026-02-20 00:00,PLUME,50/100,Suporte Macro do BTC Perdido (< EMA50 1D -3%) | Preço < EMA50 4h sem Volume Agressor (Ratio < 1.3),Consolidação sem alvo/stop,"R$ 0,00"
2026-02-20 00:00,TRUMP,57/100,Suporte Macro do BTC Perdido (< EMA50 1D -3%),Consolidação sem alvo/stop,"R$ 0,00"
2026-02-20 00:00,GPS,70/100,Suporte Macro do BTC Perdido (< EMA50 1D -3%),Consolidação sem alvo/stop,"R$ 0,00"
2026-02-20 00:00,TREE,67/100,Suporte Macro do BTC Perdido (< EMA50 1D -3%),Consolidação sem alvo/stop,"R$ 0,00"
2026-02-20 00:00,EDEN,67/100,Suporte Macro do BTC Perdido (< EMA50 1D -3%),Consolidação sem alvo/stop,"R$ 0,00"
2026-02-20 00:00,PENGU,50/100,Suporte Macro do BTC Perdido (< EMA50 1D -3%) | Preço < EMA50 4h sem Volume Agressor (Ratio < 1.3),Consolidação sem alvo/stop,"R$ 0,00"
2026-02-20 00:00,FIL,40/100,Suporte Macro do BTC Perdido (< EMA50 1D -3%) | Preço < EMA50 4h sem Volume Agressor (Ratio < 1.3),Alvo 1 atingido (Filtrado pelo protocolo),"R$ 0,00"
2026-02-20 00:00,XUSD,67/100,Suporte Macro do BTC Perdido (< EMA50 1D -3%),Consolidação sem alvo/stop,"R$ 0,00"
2026-02-20 00:00,HEI,40/100,Suporte Macro do BTC Perdido (< EMA50 1D -3%) | Preço < EMA50 4h sem Volume Agressor (Ratio < 1.3),Consolidação sem alvo/stop,"R$ 0,00"
2026-02-20 00:00,BIO,71/100,Suporte Macro do BTC Perdido (< EMA50 1D -3%) | Preço < EMA50 4h sem Volume Agressor (Ratio < 1.3),Alvo 1 atingido (Filtrado pelo protocolo),"R$ 0,00"
2026-02-20 00:00,SHIB,40/100,Suporte Macro do BTC Perdido (< EMA50 1D -3%) | Preço < EMA50 4h sem Volume Agressor (Ratio < 1.3),Consolidação sem alvo/stop,"R$ 0,00"
2026-02-20 00:00,LDO,40/100,Suporte Macro do BTC Perdido (< EMA50 1D -3%) | Preço < EMA50 4h sem Volume Agressor (Ratio < 1.3),Consolidação sem alvo/stop,"R$ 0,00"
2026-02-20 00:00,RENDER,67/100,Suporte Macro do BTC Perdido (< EMA50 1D -3%),Consolidação sem alvo/stop,"R$ 0,00"
2026-02-20 00:00,VIRTUAL,61/100,Suporte Macro do BTC Perdido (< EMA50 1D -3%),Consolidação sem alvo/stop,"R$ 0,00"
2026-02-20 00:00,KAITO,50/100,Suporte Macro do BTC Perdido (< EMA50 1D -3%),Consolidação sem alvo/stop,"R$ 0,00"
2026-02-20 04:00,AVAX,75/100,Suporte Macro do BTC Perdido (< EMA50 1D -3%),Consolidação sem alvo/stop,"R$ 0,00"
2026-02-20 04:00,EDEN,70/100,Suporte Macro do BTC Perdido (< EMA50 1D -3%),Consolidação sem alvo/stop,"R$ 0,00"
2026-02-20 04:00,DOT,54/100,Suporte Macro do BTC Perdido (< EMA50 1D -3%) | Preço < EMA50 4h sem Volume Agressor (Ratio < 1.3),Consolidação sem alvo/stop,"R$ 0,00"
2026-02-20 04:00,RENDER,79/100,Suporte Macro do BTC Perdido (< EMA50 1D -3%),Consolidação sem alvo/stop,"R$ 0,00"
2026-02-20 04:00,币安人生,48/100,Suporte Macro do BTC Perdido (< EMA50 1D -3%),Prejuízo evitado: -R$ 10.00 (-14.68%),R$ 10.00
2026-02-20 08:00,TRX,76/100,Suporte Macro do BTC Perdido (< EMA50 1D -3%),Consolidação sem alvo/stop,"R$ 0,00"
2026-02-20 08:00,TAO,40/100,Suporte Macro do BTC Perdido (< EMA50 1D -3%) | Preço < EMA50 4h sem Volume Agressor (Ratio < 1.3),Consolidação sem alvo/stop,"R$ 0,00"
2026-02-20 08:00,EURI,54/100,Suporte Macro do BTC Perdido (< EMA50 1D -3%) | Preço < EMA50 4h sem Volume Agressor (Ratio < 1.3),Consolidação sem alvo/stop,"R$ 0,00"
2026-02-20 08:00,INJ,61/100,Suporte Macro do BTC Perdido (< EMA50 1D -3%),Consolidação sem alvo/stop,"R$ 0,00"
2026-02-20 12:00,DOGE,75/100,Suporte Macro do BTC Perdido (< EMA50 1D -3%),Consolidação sem alvo/stop,"R$ 0,00"
2026-02-20 12:00,LINK,75/100,Suporte Macro do BTC Perdido (< EMA50 1D -3%),Consolidação sem alvo/stop,"R$ 0,00"
2026-02-20 12:00,SUI,65/100,Suporte Macro do BTC Perdido (< EMA50 1D -3%),Consolidação sem alvo/stop,"R$ 0,00"
2026-02-20 12:00,ADA,65/100,Suporte Macro do BTC Perdido (< EMA50 1D -3%),Consolidação sem alvo/stop,"R$ 0,00"
2026-02-20 12:00,NEAR,75/100,Suporte Macro do BTC Perdido (< EMA50 1D -3%),Consolidação sem alvo/stop,"R$ 0,00"
2026-02-20 12:00,TRX,79/100,Suporte Macro do BTC Perdido (< EMA50 1D -3%),Consolidação sem alvo/stop,"R$ 0,00"
2026-02-20 12:00,PEPE,65/100,Suporte Macro do BTC Perdido (< EMA50 1D -3%),Consolidação sem alvo/stop,"R$ 0,00"
2026-02-20 12:00,XPL,65/100,Suporte Macro do BTC Perdido (< EMA50 1D -3%),Consolidação sem alvo/stop,"R$ 0,00"
2026-02-20 12:00,PUMP,65/100,Suporte Macro do BTC Perdido (< EMA50 1D -3%),Consolidação sem alvo/stop,"R$ 0,00"
2026-02-20 12:00,LTC,65/100,Suporte Macro do BTC Perdido (< EMA50 1D -3%),Consolidação sem alvo/stop,"R$ 0,00"
2026-02-20 12:00,ENA,58/100,Suporte Macro do BTC Perdido (< EMA50 1D -3%),Prejuízo evitado: -R$ 10.00 (-9.42%),R$ 10.00
2026-02-20 12:00,EURI,48/100,Suporte Macro do BTC Perdido (< EMA50 1D -3%),Consolidação sem alvo/stop,"R$ 0,00"
2026-02-20 12:00,ONDO,75/100,Suporte Macro do BTC Perdido (< EMA50 1D -3%),Consolidação sem alvo/stop,"R$ 0,00"
2026-02-20 12:00,HBAR,74/100,Suporte Macro do BTC Perdido (< EMA50 1D -3%),Consolidação sem alvo/stop,"R$ 0,00"
2026-02-20 12:00,DOT,75/100,Suporte Macro do BTC Perdido (< EMA50 1D -3%),Consolidação sem alvo/stop,"R$ 0,00"
2026-02-20 12:00,PENGU,75/100,Suporte Macro do BTC Perdido (< EMA50 1D -3%),Consolidação sem alvo/stop,"R$ 0,00"
2026-02-20 12:00,FIL,75/100,Suporte Macro do BTC Perdido (< EMA50 1D -3%),Consolidação sem alvo/stop,"R$ 0,00"
2026-02-20 12:00,ETHFI,75/100,Suporte Macro do BTC Perdido (< EMA50 1D -3%),Consolidação sem alvo/stop,"R$ 0,00"
2026-02-20 12:00,INJ,69/100,Suporte Macro do BTC Perdido (< EMA50 1D -3%),Consolidação sem alvo/stop,"R$ 0,00"
2026-02-20 12:00,SHIB,75/100,Suporte Macro do BTC Perdido (< EMA50 1D -3%),Consolidação sem alvo/stop,"R$ 0,00"
2026-02-20 12:00,DEXE,65/100,Suporte Macro do BTC Perdido (< EMA50 1D -3%),Consolidação sem alvo/stop,"R$ 0,00"
2026-02-20 12:00,APT,48/100,Suporte Macro do BTC Perdido (< EMA50 1D -3%),Consolidação sem alvo/stop,"R$ 0,00"
2026-02-20 12:00,ZRO,75/100,Suporte Macro do BTC Perdido (< EMA50 1D -3%),Consolidação sem alvo/stop,"R$ 0,00"
2026-02-20 12:00,KAITO,75/100,Suporte Macro do BTC Perdido (< EMA50 1D -3%),Consolidação sem alvo/stop,"R$ 0,00"
2026-02-20 16:00,BNB,65/100,Suporte Macro do BTC Perdido (< EMA50 1D -3%),Consolidação sem alvo/stop,"R$ 0,00"
2026-02-20 16:00,LINK,75/100,Suporte Macro do BTC Perdido (< EMA50 1D -3%),Consolidação sem alvo/stop,"R$ 0,00"
2026-02-20 16:00,GPS,84/100,Suporte Macro do BTC Perdido (< EMA50 1D -3%),Consolidação sem alvo/stop,"R$ 0,00"
2026-02-20 16:00,TREE,71/100,Suporte Macro do BTC Perdido (< EMA50 1D -3%),Consolidação sem alvo/stop,"R$ 0,00"
2026-02-20 16:00,ASTER,78/100,Suporte Macro do BTC Perdido (< EMA50 1D -3%),Consolidação sem alvo/stop,"R$ 0,00"
2026-02-20 16:00,DEXE,65/100,Suporte Macro do BTC Perdido (< EMA50 1D -3%),Consolidação sem alvo/stop,"R$ 0,00"
2026-02-20 20:00,NEAR,65/100,Suporte Macro do BTC Perdido (< EMA50 1D -3%),Consolidação sem alvo/stop,"R$ 0,00"
2026-02-20 20:00,UNI,71/100,Suporte Macro do BTC Perdido (< EMA50 1D -3%),Consolidação sem alvo/stop,"R$ 0,00"
2026-02-20 20:00,TUT,48/100,Suporte Macro do BTC Perdido (< EMA50 1D -3%) | Preço < EMA50 4h sem Volume Agressor (Ratio < 1.3),Prejuízo evitado: -R$ 10.00 (-6.40%),R$ 10.00
2026-02-20 20:00,TREE,71/100,Suporte Macro do BTC Perdido (< EMA50 1D -3%),Consolidação sem alvo/stop,"R$ 0,00"
2026-02-20 20:00,ASTER,78/100,Suporte Macro do BTC Perdido (< EMA50 1D -3%),Consolidação sem alvo/stop,"R$ 0,00"
2026-02-20 20:00,WLFI,64/100,Suporte Macro do BTC Perdido (< EMA50 1D -3%),Consolidação sem alvo/stop,"R$ 0,00"
2026-02-20 20:00,DASH,68/100,Suporte Macro do BTC Perdido (< EMA50 1D -3%),Prejuízo evitado: -R$ 10.00 (-11.26%),R$ 10.00
2026-02-20 20:00,ZRO,75/100,Suporte Macro do BTC Perdido (< EMA50 1D -3%),Consolidação sem alvo/stop,"R$ 0,00"
2026-02-21 00:00,NEAR,65/100,Suporte Macro do BTC Perdido (< EMA50 1D -3%),Consolidação sem alvo/stop,"R$ 0,00"
2026-02-21 00:00,BCH,78/100,Suporte Macro do BTC Perdido (< EMA50 1D -3%),Consolidação sem alvo/stop,"R$ 0,00"
2026-02-21 00:00,UNI,71/100,Suporte Macro do BTC Perdido (< EMA50 1D -3%),Consolidação sem alvo/stop,"R$ 0,00"
2026-02-21 00:00,PORTAL,75/100,Suporte Macro do BTC Perdido (< EMA50 1D -3%),Prejuízo evitado: -R$ 10.00 (-8.39%),R$ 10.00
2026-02-21 00:00,XUSD,75/100,Suporte Macro do BTC Perdido (< EMA50 1D -3%),Consolidação sem alvo/stop,"R$ 0,00"
2026-02-21 00:00,INJ,69/100,Suporte Macro do BTC Perdido (< EMA50 1D -3%),Consolidação sem alvo/stop,"R$ 0,00"
2026-02-21 00:00,POL,69/100,Suporte Macro do BTC Perdido (< EMA50 1D -3%),Consolidação sem alvo/stop,"R$ 0,00"
2026-02-21 04:00,NEAR,65/100,Suporte Macro do BTC Perdido (< EMA50 1D -3%),Consolidação sem alvo/stop,"R$ 0,00"
2026-02-21 04:00,PEPE,65/100,Suporte Macro do BTC Perdido (< EMA50 1D -3%),Prejuízo evitado: -R$ 10.00 (-9.43%),R$ 10.00
2026-02-21 04:00,XPL,65/100,Suporte Macro do BTC Perdido (< EMA50 1D -3%),Prejuízo evitado: -R$ 10.00 (-11.68%),R$ 10.00
2026-02-21 04:00,UNI,71/100,Suporte Macro do BTC Perdido (< EMA50 1D -3%),Consolidação sem alvo/stop,"R$ 0,00"
2026-02-21 04:00,AAVE,54/100,Suporte Macro do BTC Perdido (< EMA50 1D -3%) | Preço < EMA50 4h sem Volume Agressor (Ratio < 1.3),Consolidação sem alvo/stop,"R$ 0,00"
2026-02-21 04:00,ARB,48/100,Suporte Macro do BTC Perdido (< EMA50 1D -3%) | Preço < EMA50 4h sem Volume Agressor (Ratio < 1.3),Consolidação sem alvo/stop,"R$ 0,00"
2026-02-21 04:00,DOT,65/100,Suporte Macro do BTC Perdido (< EMA50 1D -3%),Consolidação sem alvo/stop,"R$ 0,00"
2026-02-21 04:00,FIL,71/100,Suporte Macro do BTC Perdido (< EMA50 1D -3%),Consolidação sem alvo/stop,"R$ 0,00"
2026-02-21 04:00,PORTAL,75/100,Suporte Macro do BTC Perdido (< EMA50 1D -3%),Prejuízo evitado: -R$ 10.00 (-12.58%),R$ 10.00
2026-02-21 04:00,SHIB,71/100,Suporte Macro do BTC Perdido (< EMA50 1D -3%),Prejuízo evitado: -R$ 10.00 (-8.80%),R$ 10.00
2026-02-21 04:00,DEXE,69/100,Suporte Macro do BTC Perdido (< EMA50 1D -3%),Consolidação sem alvo/stop,"R$ 0,00"
2026-02-21 04:00,POL,75/100,Suporte Macro do BTC Perdido (< EMA50 1D -3%),Consolidação sem alvo/stop,"R$ 0,00"
2026-02-21 08:00,SOL,65/100,Suporte Macro do BTC Perdido (< EMA50 1D -3%),Prejuízo evitado: -R$ 10.00 (-7.10%),R$ 10.00
2026-02-21 08:00,XRP,65/100,Suporte Macro do BTC Perdido (< EMA50 1D -3%),Prejuízo evitado: -R$ 10.00 (-7.31%),R$ 10.00
2026-02-21 08:00,BNB,71/100,Suporte Macro do BTC Perdido (< EMA50 1D -3%),Prejuízo evitado: -R$ 10.00 (-6.50%),R$ 10.00
2026-02-21 08:00,LINK,75/100,Suporte Macro do BTC Perdido (< EMA50 1D -3%),Prejuízo evitado: -R$ 10.00 (-8.40%),R$ 10.00
2026-02-21 08:00,SUI,71/100,Suporte Macro do BTC Perdido (< EMA50 1D -3%),Prejuízo evitado: -R$ 10.00 (-8.28%),R$ 10.00
2026-02-21 08:00,TRX,88/100,Suporte Macro do BTC Perdido (< EMA50 1D -3%),Consolidação sem alvo/stop,"R$ 0,00"
2026-02-21 08:00,XPL,65/100,Suporte Macro do BTC Perdido (< EMA50 1D -3%),Prejuízo evitado: -R$ 10.00 (-11.27%),R$ 10.00
2026-02-21 08:00,UNI,70/100,Suporte Macro do BTC Perdido (< EMA50 1D -3%),Consolidação sem alvo/stop,"R$ 0,00"
2026-02-21 08:00,AVAX,71/100,Suporte Macro do BTC Perdido (< EMA50 1D -3%),Prejuízo evitado: -R$ 10.00 (-7.19%),R$ 10.00
2026-02-21 08:00,TAO,65/100,Suporte Macro do BTC Perdido (< EMA50 1D -3%),Prejuízo evitado: -R$ 10.00 (-9.49%),R$ 10.00
2026-02-21 08:00,AAVE,71/100,Suporte Macro do BTC Perdido (< EMA50 1D -3%),Consolidação sem alvo/stop,"R$ 0,00"
2026-02-21 08:00,ENA,54/100,Suporte Macro do BTC Perdido (< EMA50 1D -3%) | Preço < EMA50 4h sem Volume Agressor (Ratio < 1.3),Prejuízo evitado: -R$ 10.00 (-8.29%),R$ 10.00
2026-02-21 08:00,ONDO,65/100,Suporte Macro do BTC Perdido (< EMA50 1D -3%),Prejuízo evitado: -R$ 10.00 (-8.83%),R$ 10.00
2026-02-21 08:00,HBAR,74/100,Suporte Macro do BTC Perdido (< EMA50 1D -3%),Prejuízo evitado: -R$ 10.00 (-6.07%),R$ 10.00
2026-02-21 08:00,FET,65/100,Suporte Macro do BTC Perdido (< EMA50 1D -3%),Prejuízo evitado: -R$ 10.00 (-8.39%),R$ 10.00
2026-02-21 08:00,EDEN,71/100,Suporte Macro do BTC Perdido (< EMA50 1D -3%),Prejuízo evitado: -R$ 10.00 (-15.87%),R$ 10.00
2026-02-21 08:00,DOT,65/100,Suporte Macro do BTC Perdido (< EMA50 1D -3%),Consolidação sem alvo/stop,"R$ 0,00"
2026-02-21 08:00,PENGU,71/100,Suporte Macro do BTC Perdido (< EMA50 1D -3%),Prejuízo evitado: -R$ 10.00 (-11.34%),R$ 10.00
2026-02-21 08:00,ICP,75/100,Suporte Macro do BTC Perdido (< EMA50 1D -3%),Prejuízo evitado: -R$ 10.00 (-9.11%),R$ 10.00
2026-02-21 08:00,ETHFI,75/100,Suporte Macro do BTC Perdido (< EMA50 1D -3%),Prejuízo evitado: -R$ 10.00 (-9.36%),R$ 10.00
2026-02-21 08:00,POL,74/100,Suporte Macro do BTC Perdido (< EMA50 1D -3%),Consolidação sem alvo/stop,"R$ 0,00"
2026-02-21 12:00,BTC,65/100,Suporte Macro do BTC Perdido (< EMA50 1D -3%),Prejuízo evitado: -R$ 10.00 (-5.26%),R$ 10.00
2026-02-21 12:00,SOL,65/100,Suporte Macro do BTC Perdido (< EMA50 1D -3%),Prejuízo evitado: -R$ 10.00 (-8.32%),R$ 10.00
2026-02-21 12:00,XRP,65/100,Suporte Macro do BTC Perdido (< EMA50 1D -3%),Prejuízo evitado: -R$ 10.00 (-7.67%),R$ 10.00
2026-02-21 12:00,BCH,84/100,Suporte Macro do BTC Perdido (< EMA50 1D -3%),Prejuízo evitado: -R$ 10.00 (-8.60%),R$ 10.00
2026-02-21 12:00,TRX,79/100,Suporte Macro do BTC Perdido (< EMA50 1D -3%),Consolidação sem alvo/stop,"R$ 0,00"
2026-02-21 12:00,LTC,75/100,Suporte Macro do BTC Perdido (< EMA50 1D -3%),Prejuízo evitado: -R$ 10.00 (-7.92%),R$ 10.00
2026-02-21 12:00,HBAR,74/100,Suporte Macro do BTC Perdido (< EMA50 1D -3%),Prejuízo evitado: -R$ 10.00 (-6.36%),R$ 10.00
2026-02-21 12:00,WBTC,71/100,Suporte Macro do BTC Perdido (< EMA50 1D -3%),Prejuízo evitado: -R$ 10.00 (-4.96%),R$ 10.00
2026-02-21 12:00,ZRO,83/100,Suporte Macro do BTC Perdido (< EMA50 1D -3%),Consolidação sem alvo/stop,"R$ 0,00"
2026-02-21 16:00,GPS,78/100,Suporte Macro do BTC Perdido (< EMA50 1D -3%),Consolidação sem alvo/stop,"R$ 0,00"
2026-02-21 16:00,USDE,75/100,Suporte Macro do BTC Perdido (< EMA50 1D -3%),Consolidação sem alvo/stop,"R$ 0,00"
2026-02-21 16:00,ZRO,83/100,Suporte Macro do BTC Perdido (< EMA50 1D -3%),Consolidação sem alvo/stop,"R$ 0,00"
2026-02-22 00:00,BCH,88/100,Suporte Macro do BTC Perdido (< EMA50 1D -3%),Prejuízo evitado: -R$ 10.00 (-7.57%),R$ 10.00
2026-02-22 00:00,ZRO,65/100,Suporte Macro do BTC Perdido (< EMA50 1D -3%),Consolidação sem alvo/stop,"R$ 0,00"
2026-02-22 04:00,BCH,83/100,Suporte Macro do BTC Perdido (< EMA50 1D -3%),Prejuízo evitado: -R$ 10.00 (-7.26%),R$ 10.00
2026-02-22 04:00,ICP,64/100,Suporte Macro do BTC Perdido (< EMA50 1D -3%) | Preço < EMA50 4h sem Volume Agressor (Ratio < 1.3),Prejuízo evitado: -R$ 10.00 (-7.38%),R$ 10.00
2026-02-22 04:00,DASH,48/100,Suporte Macro do BTC Perdido (< EMA50 1D -3%) | Preço < EMA50 4h sem Volume Agressor (Ratio < 1.3),Prejuízo evitado: -R$ 10.00 (-8.04%),R$ 10.00
2026-02-22 04:00,DEXE,69/100,Suporte Macro do BTC Perdido (< EMA50 1D -3%),Alvo 1 atingido (Filtrado pelo protocolo),"R$ 0,00"
2026-02-22 08:00,BTC,65/100,Suporte Macro do BTC Perdido (< EMA50 1D -3%),Prejuízo evitado: -R$ 10.00 (-2.59%),R$ 10.00
2026-02-22 08:00,BNB,71/100,Suporte Macro do BTC Perdido (< EMA50 1D -3%),Prejuízo evitado: -R$ 10.00 (-2.58%),R$ 10.00
2026-02-22 08:00,HEI,56/100,Suporte Macro do BTC Perdido (< EMA50 1D -3%) | Preço < EMA50 4h sem Volume Agressor (Ratio < 1.3),Prejuízo evitado: -R$ 10.00 (-4.39%),R$ 10.00
2026-02-22 08:00,WBTC,65/100,Suporte Macro do BTC Perdido (< EMA50 1D -3%),Prejuízo evitado: -R$ 10.00 (-2.46%),R$ 10.00
2026-02-22 08:00,DEXE,69/100,Suporte Macro do BTC Perdido (< EMA50 1D -3%),Alvo 1 atingido (Filtrado pelo protocolo),"R$ 0,00"
2026-02-22 12:00,DEXE,61/100,Suporte Macro do BTC Perdido (< EMA50 1D -3%),Alvo 1 atingido (Filtrado pelo protocolo),"R$ 0,00"
2026-02-22 16:00,MUBARAK,58/100,Suporte Macro do BTC Perdido (< EMA50 1D -3%) | Preço < EMA50 4h sem Volume Agressor (Ratio < 1.3),Prejuízo evitado: -R$ 10.00 (-7.32%),R$ 10.00
2026-02-22 16:00,HEI,67/100,Suporte Macro do BTC Perdido (< EMA50 1D -3%),Prejuízo evitado: -R$ 10.00 (-6.37%),R$ 10.00
2026-02-22 20:00,HEMI,48/100,Suporte Macro do BTC Perdido (< EMA50 1D -3%) | Preço < EMA50 4h sem Volume Agressor (Ratio < 1.3),Prejuízo evitado: -R$ 10.00 (-4.11%),R$ 10.00
2026-02-22 20:00,EURI,60/100,Suporte Macro do BTC Perdido (< EMA50 1D -3%),Consolidação sem alvo/stop,"R$ 0,00"
2026-02-22 20:00,ONDO,40/100,Suporte Macro do BTC Perdido (< EMA50 1D -3%) | Preço < EMA50 4h sem Volume Agressor (Ratio < 1.3),Prejuízo evitado: -R$ 10.00 (-4.02%),R$ 10.00
2026-02-22 20:00,ICP,46/100,Suporte Macro do BTC Perdido (< EMA50 1D -3%) | Preço < EMA50 4h sem Volume Agressor (Ratio < 1.3),Prejuízo evitado: -R$ 10.00 (-6.40%),R$ 10.00
2026-02-22 20:00,RENDER,46/100,Suporte Macro do BTC Perdido (< EMA50 1D -3%) | Preço < EMA50 4h sem Volume Agressor (Ratio < 1.3),Prejuízo evitado: -R$ 10.00 (-5.60%),R$ 10.00
2026-02-22 20:00,APT,48/100,Suporte Macro do BTC Perdido (< EMA50 1D -3%) | Preço < EMA50 4h sem Volume Agressor (Ratio < 1.3),Prejuízo evitado: -R$ 10.00 (-5.49%),R$ 10.00
2026-02-22 20:00,KAITO,46/100,Suporte Macro do BTC Perdido (< EMA50 1D -3%) | Preço < EMA50 4h sem Volume Agressor (Ratio < 1.3),Prejuízo evitado: -R$ 10.00 (-4.31%),R$ 10.00
2026-02-23 04:00,ZEC,40/100,Suporte Macro do BTC Perdido (< EMA50 1D -3%),Consolidação sem alvo/stop,"R$ 0,00"
2026-02-23 08:00,BTC,46/100,Suporte Macro do BTC Perdido (< EMA50 1D -3%) | Preço < EMA50 4h sem Volume Agressor (Ratio < 1.3),Prejuízo evitado: -R$ 10.00 (-4.76%),R$ 10.00
2026-02-23 08:00,ETH,50/100,Suporte Macro do BTC Perdido (< EMA50 1D -3%),Prejuízo evitado: -R$ 10.00 (-5.87%),R$ 10.00
2026-02-23 08:00,SOL,50/100,Suporte Macro do BTC Perdido (< EMA50 1D -3%) | Preço < EMA50 4h sem Volume Agressor (Ratio < 1.3),Consolidação sem alvo/stop,"R$ 0,00"
2026-02-23 08:00,XRP,50/100,Suporte Macro do BTC Perdido (< EMA50 1D -3%),Consolidação sem alvo/stop,"R$ 0,00"
2026-02-23 08:00,BNB,40/100,Suporte Macro do BTC Perdido (< EMA50 1D -3%) | Preço < EMA50 4h sem Volume Agressor (Ratio < 1.3),Consolidação sem alvo/stop,"R$ 0,00"
2026-02-23 08:00,DOGE,50/100,Suporte Macro do BTC Perdido (< EMA50 1D -3%) | Preço < EMA50 4h sem Volume Agressor (Ratio < 1.3),Consolidação sem alvo/stop,"R$ 0,00"
2026-02-23 08:00,LINK,40/100,Suporte Macro do BTC Perdido (< EMA50 1D -3%) | Preço < EMA50 4h sem Volume Agressor (Ratio < 1.3),Alvo 1 atingido (Filtrado pelo protocolo),"R$ 0,00"
2026-02-23 08:00,SUI,46/100,Vesting (Desbloqueio SUI > 1% (Cliff mensal no dia 1)) | Suporte Macro do BTC Perdido (< EMA50 1D -3%) | Preço < EMA50 4h sem Volume Agressor (Ratio < 1.3),Consolidação sem alvo/stop,"R$ 0,00"
2026-02-23 08:00,ACE,40/100,Suporte Macro do BTC Perdido (< EMA50 1D -3%) | Preço < EMA50 4h sem Volume Agressor (Ratio < 1.3),Consolidação sem alvo/stop,"R$ 0,00"
2026-02-23 08:00,WLD,57/100,Suporte Macro do BTC Perdido (< EMA50 1D -3%),Consolidação sem alvo/stop,"R$ 0,00"
2026-02-23 08:00,ADA,50/100,Suporte Macro do BTC Perdido (< EMA50 1D -3%) | Preço < EMA50 4h sem Volume Agressor (Ratio < 1.3),Consolidação sem alvo/stop,"R$ 0,00"
2026-02-23 08:00,PLUME,46/100,Suporte Macro do BTC Perdido (< EMA50 1D -3%) | Preço < EMA50 4h sem Volume Agressor (Ratio < 1.3),Consolidação sem alvo/stop,"R$ 0,00"
2026-02-23 08:00,TRUMP,46/100,Suporte Macro do BTC Perdido (< EMA50 1D -3%) | Preço < EMA50 4h sem Volume Agressor (Ratio < 1.3),Consolidação sem alvo/stop,"R$ 0,00"
2026-02-23 08:00,PEPE,50/100,Suporte Macro do BTC Perdido (< EMA50 1D -3%) | Preço < EMA50 4h sem Volume Agressor (Ratio < 1.3),Consolidação sem alvo/stop,"R$ 0,00"
2026-02-23 08:00,HEMI,40/100,Suporte Macro do BTC Perdido (< EMA50 1D -3%) | Preço < EMA50 4h sem Volume Agressor (Ratio < 1.3),Consolidação sem alvo/stop,"R$ 0,00"
2026-02-23 08:00,XPL,50/100,Suporte Macro do BTC Perdido (< EMA50 1D -3%),Alvo 1 atingido (Filtrado pelo protocolo),"R$ 0,00"
2026-02-23 08:00,UNI,50/100,Suporte Macro do BTC Perdido (< EMA50 1D -3%),Alvo 1 atingido (Filtrado pelo protocolo),"R$ 0,00"
2026-02-23 08:00,AVAX,46/100,Suporte Macro do BTC Perdido (< EMA50 1D -3%) | Preço < EMA50 4h sem Volume Agressor (Ratio < 1.3),Alvo 1 atingido (Filtrado pelo protocolo),"R$ 0,00"
2026-02-23 08:00,PUMP,40/100,Suporte Macro do BTC Perdido (< EMA50 1D -3%) | Preço < EMA50 4h sem Volume Agressor (Ratio < 1.3),Prejuízo evitado: -R$ 10.00 (-7.40%),R$ 10.00
2026-02-23 08:00,TAO,40/100,Suporte Macro do BTC Perdido (< EMA50 1D -3%) | Preço < EMA50 4h sem Volume Agressor (Ratio < 1.3),Consolidação sem alvo/stop,"R$ 0,00"
2026-02-23 08:00,GPS,70/100,Suporte Macro do BTC Perdido (< EMA50 1D -3%),Prejuízo evitado: -R$ 10.00 (-9.29%),R$ 10.00
2026-02-23 08:00,LTC,40/100,Suporte Macro do BTC Perdido (< EMA50 1D -3%) | Preço < EMA50 4h sem Volume Agressor (Ratio < 1.3),Alvo 1 atingido (Filtrado pelo protocolo),"R$ 0,00"
2026-02-23 08:00,AAVE,56/100,Suporte Macro do BTC Perdido (< EMA50 1D -3%) | Preço < EMA50 4h sem Volume Agressor (Ratio < 1.3),Consolidação sem alvo/stop,"R$ 0,00"
2026-02-23 08:00,ENA,40/100,Suporte Macro do BTC Perdido (< EMA50 1D -3%) | Preço < EMA50 4h sem Volume Agressor (Ratio < 1.3),Consolidação sem alvo/stop,"R$ 0,00"
2026-02-23 08:00,XLM,40/100,Suporte Macro do BTC Perdido (< EMA50 1D -3%) | Preço < EMA50 4h sem Volume Agressor (Ratio < 1.3),Consolidação sem alvo/stop,"R$ 0,00"
2026-02-23 08:00,TUT,40/100,Suporte Macro do BTC Perdido (< EMA50 1D -3%) | Preço < EMA50 4h sem Volume Agressor (Ratio < 1.3),Consolidação sem alvo/stop,"R$ 0,00"
2026-02-23 08:00,ARB,40/100,Suporte Macro do BTC Perdido (< EMA50 1D -3%) | Preço < EMA50 4h sem Volume Agressor (Ratio < 1.3),Consolidação sem alvo/stop,"R$ 0,00"
2026-02-23 08:00,ONDO,40/100,Suporte Macro do BTC Perdido (< EMA50 1D -3%),Consolidação sem alvo/stop,"R$ 0,00"
2026-02-23 08:00,TREE,56/100,Suporte Macro do BTC Perdido (< EMA50 1D -3%) | Preço < EMA50 4h sem Volume Agressor (Ratio < 1.3),Consolidação sem alvo/stop,"R$ 0,00"
2026-02-23 08:00,HBAR,40/100,Suporte Macro do BTC Perdido (< EMA50 1D -3%),Consolidação sem alvo/stop,"R$ 0,00"
2026-02-23 08:00,FET,40/100,Suporte Macro do BTC Perdido (< EMA50 1D -3%) | Preço < EMA50 4h sem Volume Agressor (Ratio < 1.3),Consolidação sem alvo/stop,"R$ 0,00"
2026-02-23 08:00,DOT,40/100,Suporte Macro do BTC Perdido (< EMA50 1D -3%) | Preço < EMA50 4h sem Volume Agressor (Ratio < 1.3),Alvo 1 atingido (Filtrado pelo protocolo),"R$ 0,00"
2026-02-23 08:00,PENGU,40/100,Suporte Macro do BTC Perdido (< EMA50 1D -3%) | Preço < EMA50 4h sem Volume Agressor (Ratio < 1.3),Consolidação sem alvo/stop,"R$ 0,00"
2026-02-23 08:00,WLFI,63/100,Suporte Macro do BTC Perdido (< EMA50 1D -3%),Consolidação sem alvo/stop,"R$ 0,00"
2026-02-23 08:00,ICP,40/100,Suporte Macro do BTC Perdido (< EMA50 1D -3%) | Preço < EMA50 4h sem Volume Agressor (Ratio < 1.3),Alvo 1 atingido (Filtrado pelo protocolo),"R$ 0,00"
2026-02-23 08:00,ETHFI,57/100,Suporte Macro do BTC Perdido (< EMA50 1D -3%),Consolidação sem alvo/stop,"R$ 0,00"
2026-02-23 08:00,DASH,40/100,Suporte Macro do BTC Perdido (< EMA50 1D -3%) | Preço < EMA50 4h sem Volume Agressor (Ratio < 1.3),Consolidação sem alvo/stop,"R$ 0,00"
2026-02-23 08:00,SHIB,40/100,Suporte Macro do BTC Perdido (< EMA50 1D -3%) | Preço < EMA50 4h sem Volume Agressor (Ratio < 1.3),Consolidação sem alvo/stop,"R$ 0,00"
2026-02-23 08:00,LDO,40/100,Suporte Macro do BTC Perdido (< EMA50 1D -3%) | Preço < EMA50 4h sem Volume Agressor (Ratio < 1.3),Consolidação sem alvo/stop,"R$ 0,00"
2026-02-23 08:00,WBTC,46/100,Suporte Macro do BTC Perdido (< EMA50 1D -3%) | Preço < EMA50 4h sem Volume Agressor (Ratio < 1.3),Prejuízo evitado: -R$ 10.00 (-4.64%),R$ 10.00
2026-02-23 08:00,VIRTUAL,40/100,Suporte Macro do BTC Perdido (< EMA50 1D -3%) | Preço < EMA50 4h sem Volume Agressor (Ratio < 1.3),Consolidação sem alvo/stop,"R$ 0,00"
2026-02-23 08:00,POL,71/100,Suporte Macro do BTC Perdido (< EMA50 1D -3%),Consolidação sem alvo/stop,"R$ 0,00"
2026-02-23 08:00,KAITO,46/100,Suporte Macro do BTC Perdido (< EMA50 1D -3%) | Preço < EMA50 4h sem Volume Agressor (Ratio < 1.3),Alvo 1 atingido (Filtrado pelo protocolo),"R$ 0,00"
2026-02-23 20:00,ARB,40/100,Suporte Macro do BTC Perdido (< EMA50 1D -3%) | Preço < EMA50 4h sem Volume Agressor (Ratio < 1.3),Consolidação sem alvo/stop,"R$ 0,00"
2026-02-23 20:00,ICP,40/100,Suporte Macro do BTC Perdido (< EMA50 1D -3%) | Preço < EMA50 4h sem Volume Agressor (Ratio < 1.3),Alvo 1 atingido (Filtrado pelo protocolo),"R$ 0,00"
2026-02-24 00:00,TUT,54/100,Suporte Macro do BTC Perdido (< EMA50 1D -3%) | Preço < EMA50 4h sem Volume Agressor (Ratio < 1.3),Alvo 1 atingido (Filtrado pelo protocolo),"R$ 0,00"
2026-02-24 00:00,EDEN,40/100,Suporte Macro do BTC Perdido (< EMA50 1D -3%) | Preço < EMA50 4h sem Volume Agressor (Ratio < 1.3),Consolidação sem alvo/stop,"R$ 0,00"
2026-02-24 00:00,XUSD,67/100,Suporte Macro do BTC Perdido (< EMA50 1D -3%),Consolidação sem alvo/stop,"R$ 0,00"
2026-02-24 08:00,PENGU,40/100,Suporte Macro do BTC Perdido (< EMA50 1D -3%) | Preço < EMA50 4h sem Volume Agressor (Ratio < 1.3),Alvo 1 atingido (Filtrado pelo protocolo),"R$ 0,00"
2026-02-24 08:00,ICP,40/100,Suporte Macro do BTC Perdido (< EMA50 1D -3%) | Preço < EMA50 4h sem Volume Agressor (Ratio < 1.3),Alvo 1 atingido (Filtrado pelo protocolo),"R$ 0,00"
2026-02-24 12:00,BTC,48/100,Suporte Macro do BTC Perdido (< EMA50 1D -3%),Alvo 1 atingido (Filtrado pelo protocolo),"R$ 0,00"
2026-02-24 12:00,ETH,48/100,Suporte Macro do BTC Perdido (< EMA50 1D -3%),Alvo 1 atingido (Filtrado pelo protocolo),"R$ 0,00"
2026-02-24 12:00,SOL,48/100,Suporte Macro do BTC Perdido (< EMA50 1D -3%),Alvo 1 atingido (Filtrado pelo protocolo),"R$ 0,00"
2026-02-24 12:00,XRP,40/100,Suporte Macro do BTC Perdido (< EMA50 1D -3%),Consolidação sem alvo/stop,"R$ 0,00"
2026-02-24 12:00,ZEC,58/100,Suporte Macro do BTC Perdido (< EMA50 1D -3%),Consolidação sem alvo/stop,"R$ 0,00"
2026-02-24 12:00,DOGE,58/100,Suporte Macro do BTC Perdido (< EMA50 1D -3%),Alvo 1 atingido (Filtrado pelo protocolo),"R$ 0,00"
2026-02-24 12:00,LINK,58/100,Suporte Macro do BTC Perdido (< EMA50 1D -3%) | Preço < EMA50 4h sem Volume Agressor (Ratio < 1.3),Alvo 1 atingido (Filtrado pelo protocolo),"R$ 0,00"
2026-02-24 12:00,SUI,58/100,Vesting (Desbloqueio SUI > 1% (Cliff mensal no dia 1)) | Suporte Macro do BTC Perdido (< EMA50 1D -3%),Alvo 1 atingido (Filtrado pelo protocolo),"R$ 0,00"
2026-02-24 12:00,ADA,58/100,Suporte Macro do BTC Perdido (< EMA50 1D -3%),Alvo 1 atingido (Filtrado pelo protocolo),"R$ 0,00"
2026-02-24 12:00,TRUMP,57/100,Suporte Macro do BTC Perdido (< EMA50 1D -3%),Consolidação sem alvo/stop,"R$ 0,00"
2026-02-24 12:00,TRX,48/100,Suporte Macro do BTC Perdido (< EMA50 1D -3%),Consolidação sem alvo/stop,"R$ 0,00"
2026-02-24 12:00,PEPE,48/100,Suporte Macro do BTC Perdido (< EMA50 1D -3%),Consolidação sem alvo/stop,"R$ 0,00"
2026-02-24 12:00,HEMI,58/100,Suporte Macro do BTC Perdido (< EMA50 1D -3%),Consolidação sem alvo/stop,"R$ 0,00"
2026-02-24 12:00,XPL,50/100,Suporte Macro do BTC Perdido (< EMA50 1D -3%) | Preço < EMA50 4h sem Volume Agressor (Ratio < 1.3),Alvo 1 atingido (Filtrado pelo protocolo),"R$ 0,00"
2026-02-24 12:00,UNI,40/100,Suporte Macro do BTC Perdido (< EMA50 1D -3%) | Preço < EMA50 4h sem Volume Agressor (Ratio < 1.3),Alvo 1 atingido (Filtrado pelo protocolo),"R$ 0,00"
2026-02-24 12:00,PUMP,48/100,Suporte Macro do BTC Perdido (< EMA50 1D -3%),Consolidação sem alvo/stop,"R$ 0,00"
2026-02-24 12:00,LTC,48/100,Suporte Macro do BTC Perdido (< EMA50 1D -3%),Alvo 1 atingido (Filtrado pelo protocolo),"R$ 0,00"
2026-02-24 12:00,AAVE,50/100,Suporte Macro do BTC Perdido (< EMA50 1D -3%),Consolidação sem alvo/stop,"R$ 0,00"
2026-02-24 12:00,ENA,48/100,Suporte Macro do BTC Perdido (< EMA50 1D -3%),Alvo 1 atingido (Filtrado pelo protocolo),"R$ 0,00"
2026-02-24 12:00,XLM,48/100,Suporte Macro do BTC Perdido (< EMA50 1D -3%) | Preço < EMA50 4h sem Volume Agressor (Ratio < 1.3),Alvo 1 atingido (Filtrado pelo protocolo),"R$ 0,00"
2026-02-24 12:00,ARB,40/100,Suporte Macro do BTC Perdido (< EMA50 1D -3%) | Preço < EMA50 4h sem Volume Agressor (Ratio < 1.3),Consolidação sem alvo/stop,"R$ 0,00"
2026-02-24 12:00,ONDO,48/100,Suporte Macro do BTC Perdido (< EMA50 1D -3%),Alvo 1 atingido (Filtrado pelo protocolo),"R$ 0,00"
2026-02-24 12:00,TREE,40/100,Suporte Macro do BTC Perdido (< EMA50 1D -3%) | Preço < EMA50 4h sem Volume Agressor (Ratio < 1.3),Consolidação sem alvo/stop,"R$ 0,00"
2026-02-24 12:00,HBAR,40/100,Suporte Macro do BTC Perdido (< EMA50 1D -3%),Alvo 1 atingido (Filtrado pelo protocolo),"R$ 0,00"
2026-02-24 12:00,FET,40/100,Suporte Macro do BTC Perdido (< EMA50 1D -3%),Alvo 1 atingido (Filtrado pelo protocolo),"R$ 0,00"
2026-02-24 12:00,PENGU,50/100,Suporte Macro do BTC Perdido (< EMA50 1D -3%),Alvo 1 atingido (Filtrado pelo protocolo),"R$ 0,00"
2026-02-24 12:00,WLFI,40/100,Suporte Macro do BTC Perdido (< EMA50 1D -3%) | Preço < EMA50 4h sem Volume Agressor (Ratio < 1.3),Consolidação sem alvo/stop,"R$ 0,00"
2026-02-24 12:00,PORTAL,48/100,Suporte Macro do BTC Perdido (< EMA50 1D -3%) | Preço < EMA50 4h sem Volume Agressor (Ratio < 1.3),Alvo 1 atingido (Filtrado pelo protocolo),"R$ 0,00"
2026-02-24 12:00,HEI,40/100,Suporte Macro do BTC Perdido (< EMA50 1D -3%) | Preço < EMA50 4h sem Volume Agressor (Ratio < 1.3),Consolidação sem alvo/stop,"R$ 0,00"
2026-02-24 12:00,ETHFI,71/100,Suporte Macro do BTC Perdido (< EMA50 1D -3%),Consolidação sem alvo/stop,"R$ 0,00"
2026-02-24 12:00,DASH,40/100,Suporte Macro do BTC Perdido (< EMA50 1D -3%),Consolidação sem alvo/stop,"R$ 0,00"
2026-02-24 12:00,BIO,46/100,Suporte Macro do BTC Perdido (< EMA50 1D -3%) | Preço < EMA50 4h sem Volume Agressor (Ratio < 1.3),Prejuízo evitado: -R$ 10.00 (-11.20%),R$ 10.00
2026-02-24 12:00,SHIB,48/100,Suporte Macro do BTC Perdido (< EMA50 1D -3%) | Preço < EMA50 4h sem Volume Agressor (Ratio < 1.3),Consolidação sem alvo/stop,"R$ 0,00"
2026-02-24 12:00,LDO,48/100,Suporte Macro do BTC Perdido (< EMA50 1D -3%) | Preço < EMA50 4h sem Volume Agressor (Ratio < 1.3),Alvo 1 atingido (Filtrado pelo protocolo),"R$ 0,00"
2026-02-24 12:00,RENDER,40/100,Suporte Macro do BTC Perdido (< EMA50 1D -3%),Consolidação sem alvo/stop,"R$ 0,00"
2026-02-24 12:00,WBTC,54/100,Suporte Macro do BTC Perdido (< EMA50 1D -3%) | Preço < EMA50 4h sem Volume Agressor (Ratio < 1.3),Alvo 1 atingido (Filtrado pelo protocolo),"R$ 0,00"
2026-02-24 12:00,币安人生,40/100,Suporte Macro do BTC Perdido (< EMA50 1D -3%) | Preço < EMA50 4h sem Volume Agressor (Ratio < 1.3),Consolidação sem alvo/stop,"R$ 0,00"
2026-02-24 12:00,VIRTUAL,40/100,Suporte Macro do BTC Perdido (< EMA50 1D -3%),Alvo 1 atingido (Filtrado pelo protocolo),"R$ 0,00"
2026-02-24 12:00,POL,71/100,Suporte Macro do BTC Perdido (< EMA50 1D -3%),Consolidação sem alvo/stop,"R$ 0,00"
2026-02-24 12:00,APT,40/100,Suporte Macro do BTC Perdido (< EMA50 1D -3%) | Preço < EMA50 4h sem Volume Agressor (Ratio < 1.3),Alvo 1 atingido (Filtrado pelo protocolo),"R$ 0,00"
2026-02-24 16:00,BTC,40/100,Suporte Macro do BTC Perdido (< EMA50 1D -3%) | Preço < EMA50 4h sem Volume Agressor (Ratio < 1.3),Consolidação sem alvo/stop,"R$ 0,00"
2026-02-24 16:00,ETH,40/100,Suporte Macro do BTC Perdido (< EMA50 1D -3%) | Preço < EMA50 4h sem Volume Agressor (Ratio < 1.3),Alvo 1 atingido (Filtrado pelo protocolo),"R$ 0,00"
2026-02-24 16:00,SOL,46/100,Suporte Macro do BTC Perdido (< EMA50 1D -3%) | Preço < EMA50 4h sem Volume Agressor (Ratio < 1.3),Alvo 1 atingido (Filtrado pelo protocolo),"R$ 0,00"
2026-02-24 16:00,ZEC,60/100,Suporte Macro do BTC Perdido (< EMA50 1D -3%),Consolidação sem alvo/stop,"R$ 0,00"
2026-02-24 16:00,BNB,40/100,Suporte Macro do BTC Perdido (< EMA50 1D -3%) | Preço < EMA50 4h sem Volume Agressor (Ratio < 1.3),Consolidação sem alvo/stop,"R$ 0,00"
2026-02-24 16:00,ALLO,44/100,Suporte Macro do BTC Perdido (< EMA50 1D -3%) | Preço < EMA50 4h sem Volume Agressor (Ratio < 1.3),Consolidação sem alvo/stop,"R$ 0,00"
2026-02-24 16:00,BCH,48/100,Suporte Macro do BTC Perdido (< EMA50 1D -3%),Consolidação sem alvo/stop,"R$ 0,00"
2026-02-24 16:00,TRUMP,57/100,Suporte Macro do BTC Perdido (< EMA50 1D -3%),Consolidação sem alvo/stop,"R$ 0,00"
2026-02-24 16:00,TRX,50/100,Suporte Macro do BTC Perdido (< EMA50 1D -3%) | Preço < EMA50 4h sem Volume Agressor (Ratio < 1.3),Consolidação sem alvo/stop,"R$ 0,00"
2026-02-24 16:00,LTC,40/100,Suporte Macro do BTC Perdido (< EMA50 1D -3%) | Preço < EMA50 4h sem Volume Agressor (Ratio < 1.3),Alvo 1 atingido (Filtrado pelo protocolo),"R$ 0,00"
2026-02-24 16:00,MUBARAK,40/100,Suporte Macro do BTC Perdido (< EMA50 1D -3%) | Preço < EMA50 4h sem Volume Agressor (Ratio < 1.3),Consolidação sem alvo/stop,"R$ 0,00"
2026-02-24 16:00,EDEN,56/100,Suporte Macro do BTC Perdido (< EMA50 1D -3%) | Preço < EMA50 4h sem Volume Agressor (Ratio < 1.3),Alvo 1 atingido (Filtrado pelo protocolo),"R$ 0,00"
2026-02-24 16:00,PORTAL,50/100,Suporte Macro do BTC Perdido (< EMA50 1D -3%),Alvo 1 atingido (Filtrado pelo protocolo),"R$ 0,00"
2026-02-24 16:00,WBTC,50/100,Suporte Macro do BTC Perdido (< EMA50 1D -3%),Consolidação sem alvo/stop,"R$ 0,00"
2026-02-24 16:00,POL,66/100,Suporte Macro do BTC Perdido (< EMA50 1D -3%),Consolidação sem alvo/stop,"R$ 0,00"
2026-02-24 20:00,SOL,40/100,Suporte Macro do BTC Perdido (< EMA50 1D -3%) | Preço < EMA50 4h sem Volume Agressor (Ratio < 1.3),Alvo 1 atingido (Filtrado pelo protocolo),"R$ 0,00"
2026-02-24 20:00,PORTAL,50/100,Suporte Macro do BTC Perdido (< EMA50 1D -3%),Consolidação sem alvo/stop,"R$ 0,00"
2026-02-25 00:00,BTC,65/100,Suporte Macro do BTC Perdido (< EMA50 1D -3%),Consolidação sem alvo/stop,"R$ 0,00"
2026-02-25 00:00,ETH,65/100,Suporte Macro do BTC Perdido (< EMA50 1D -3%),Consolidação sem alvo/stop,"R$ 0,00"
2026-02-25 00:00,BNB,48/100,Suporte Macro do BTC Perdido (< EMA50 1D -3%),Consolidação sem alvo/stop,"R$ 0,00"
2026-02-25 00:00,ALLO,76/100,Suporte Macro do BTC Perdido (< EMA50 1D -3%),Consolidação sem alvo/stop,"R$ 0,00"
2026-02-25 00:00,DOGE,62/100,Suporte Macro do BTC Perdido (< EMA50 1D -3%),Alvo 1 atingido (Filtrado pelo protocolo),"R$ 0,00"
2026-02-25 00:00,LINK,79/100,Suporte Macro do BTC Perdido (< EMA50 1D -3%),Consolidação sem alvo/stop,"R$ 0,00"
2026-02-25 00:00,SUI,58/100,Vesting (Desbloqueio SUI > 1% (Cliff mensal no dia 1)) | Suporte Macro do BTC Perdido (< EMA50 1D -3%),Consolidação sem alvo/stop,"R$ 0,00"
2026-02-25 00:00,WLD,79/100,Suporte Macro do BTC Perdido (< EMA50 1D -3%),Consolidação sem alvo/stop,"R$ 0,00"
2026-02-25 00:00,ADA,79/100,Suporte Macro do BTC Perdido (< EMA50 1D -3%),Alvo 1 atingido (Filtrado pelo protocolo),"R$ 0,00"
2026-02-25 00:00,PLUME,58/100,Suporte Macro do BTC Perdido (< EMA50 1D -3%),Consolidação sem alvo/stop,"R$ 0,00"
2026-02-25 00:00,NEAR,62/100,Suporte Macro do BTC Perdido (< EMA50 1D -3%),Alvo 1 atingido (Filtrado pelo protocolo),"R$ 0,00"
2026-02-25 00:00,BCH,48/100,Suporte Macro do BTC Perdido (< EMA50 1D -3%) | Preço < EMA50 4h sem Volume Agressor (Ratio < 1.3),Consolidação sem alvo/stop,"R$ 0,00"
2026-02-25 00:00,TRX,84/100,Suporte Macro do BTC Perdido (< EMA50 1D -3%),Consolidação sem alvo/stop,"R$ 0,00"
2026-02-25 00:00,PEPE,58/100,Suporte Macro do BTC Perdido (< EMA50 1D -3%),Consolidação sem alvo/stop,"R$ 0,00"
2026-02-25 00:00,UNI,79/100,Suporte Macro do BTC Perdido (< EMA50 1D -3%),Alvo 1 atingido (Filtrado pelo protocolo),"R$ 0,00"
2026-02-25 00:00,AVAX,62/100,Suporte Macro do BTC Perdido (< EMA50 1D -3%),Alvo 1 atingido (Filtrado pelo protocolo),"R$ 0,00"
2026-02-25 00:00,TAO,65/100,Suporte Macro do BTC Perdido (< EMA50 1D -3%),Consolidação sem alvo/stop,"R$ 0,00"
2026-02-25 00:00,GPS,70/100,Suporte Macro do BTC Perdido (< EMA50 1D -3%) | Preço < EMA50 4h sem Volume Agressor (Ratio < 1.3),Consolidação sem alvo/stop,"R$ 0,00"
2026-02-25 00:00,LTC,69/100,Suporte Macro do BTC Perdido (< EMA50 1D -3%) | Preço < EMA50 4h sem Volume Agressor (Ratio < 1.3),Consolidação sem alvo/stop,"R$ 0,00"
2026-02-25 00:00,ENA,58/100,Suporte Macro do BTC Perdido (< EMA50 1D -3%),Alvo 1 atingido (Filtrado pelo protocolo),"R$ 0,00"
2026-02-25 00:00,XLM,68/100,Suporte Macro do BTC Perdido (< EMA50 1D -3%),Consolidação sem alvo/stop,"R$ 0,00"
2026-02-25 00:00,TUT,62/100,Suporte Macro do BTC Perdido (< EMA50 1D -3%) | Preço < EMA50 4h sem Volume Agressor (Ratio < 1.3),Alvo 1 atingido (Filtrado pelo protocolo),"R$ 0,00"
2026-02-25 00:00,ONDO,69/100,Suporte Macro do BTC Perdido (< EMA50 1D -3%),Consolidação sem alvo/stop,"R$ 0,00"
2026-02-25 00:00,TREE,75/100,Suporte Macro do BTC Perdido (< EMA50 1D -3%),Consolidação sem alvo/stop,"R$ 0,00"
2026-02-25 00:00,HBAR,69/100,Suporte Macro do BTC Perdido (< EMA50 1D -3%),Consolidação sem alvo/stop,"R$ 0,00"
2026-02-25 00:00,FET,58/100,Suporte Macro do BTC Perdido (< EMA50 1D -3%) | Preço < EMA50 4h sem Volume Agressor (Ratio < 1.3),Alvo 1 atingido (Filtrado pelo protocolo),"R$ 0,00"
2026-02-25 00:00,DOT,66/100,Suporte Macro do BTC Perdido (< EMA50 1D -3%),Alvo 1 atingido (Filtrado pelo protocolo),"R$ 0,00"
2026-02-25 00:00,WLFI,71/100,Suporte Macro do BTC Perdido (< EMA50 1D -3%),Consolidação sem alvo/stop,"R$ 0,00"
2026-02-25 00:00,FIL,52/100,Suporte Macro do BTC Perdido (< EMA50 1D -3%),Alvo 1 atingido (Filtrado pelo protocolo),"R$ 0,00"
2026-02-25 00:00,SHIB,56/100,Suporte Macro do BTC Perdido (< EMA50 1D -3%),Consolidação sem alvo/stop,"R$ 0,00"
2026-02-25 00:00,LDO,48/100,Suporte Macro do BTC Perdido (< EMA50 1D -3%),Consolidação sem alvo/stop,"R$ 0,00"
2026-02-25 00:00,WBTC,75/100,Suporte Macro do BTC Perdido (< EMA50 1D -3%),Consolidação sem alvo/stop,"R$ 0,00"
2026-02-25 00:00,VIRTUAL,69/100,Suporte Macro do BTC Perdido (< EMA50 1D -3%),Consolidação sem alvo/stop,"R$ 0,00"
2026-02-25 00:00,POL,73/100,Suporte Macro do BTC Perdido (< EMA50 1D -3%),Consolidação sem alvo/stop,"R$ 0,00"
2026-02-25 00:00,KAITO,69/100,Suporte Macro do BTC Perdido (< EMA50 1D -3%),Consolidação sem alvo/stop,"R$ 0,00"
2026-02-25 04:00,HEMI,46/100,Suporte Macro do BTC Perdido (< EMA50 1D -3%) | Preço < EMA50 4h sem Volume Agressor (Ratio < 1.3),Consolidação sem alvo/stop,"R$ 0,00"
2026-02-25 04:00,TREE,62/100,Suporte Macro do BTC Perdido (< EMA50 1D -3%),Consolidação sem alvo/stop,"R$ 0,00"
2026-02-25 08:00,SOL,75/100,Suporte Macro do BTC Perdido (< EMA50 1D -3%),Consolidação sem alvo/stop,"R$ 0,00"
2026-02-25 08:00,ALLO,88/100,Suporte Macro do BTC Perdido (< EMA50 1D -3%),Consolidação sem alvo/stop,"R$ 0,00"
2026-02-25 08:00,LINK,75/100,Suporte Macro do BTC Perdido (< EMA50 1D -3%),Consolidação sem alvo/stop,"R$ 0,00"
2026-02-25 08:00,WLD,69/100,Suporte Macro do BTC Perdido (< EMA50 1D -3%),Consolidação sem alvo/stop,"R$ 0,00"
2026-02-25 08:00,NEAR,79/100,Suporte Macro do BTC Perdido (< EMA50 1D -3%),Alvo 1 atingido (Filtrado pelo protocolo),"R$ 0,00"
2026-02-25 08:00,TRUMP,65/100,Suporte Macro do BTC Perdido (< EMA50 1D -3%),Consolidação sem alvo/stop,"R$ 0,00"
2026-02-25 08:00,UNI,75/100,Suporte Macro do BTC Perdido (< EMA50 1D -3%),Consolidação sem alvo/stop,"R$ 0,00"
2026-02-25 08:00,AVAX,79/100,Suporte Macro do BTC Perdido (< EMA50 1D -3%),Consolidação sem alvo/stop,"R$ 0,00"
2026-02-25 08:00,PUMP,48/100,Suporte Macro do BTC Perdido (< EMA50 1D -3%) | Preço < EMA50 4h sem Volume Agressor (Ratio < 1.3),Consolidação sem alvo/stop,"R$ 0,00"
2026-02-25 08:00,TAO,65/100,Suporte Macro do BTC Perdido (< EMA50 1D -3%),Consolidação sem alvo/stop,"R$ 0,00"
2026-02-25 08:00,LTC,69/100,Suporte Macro do BTC Perdido (< EMA50 1D -3%),Consolidação sem alvo/stop,"R$ 0,00"
2026-02-25 08:00,MUBARAK,65/100,Suporte Macro do BTC Perdido (< EMA50 1D -3%) | Preço < EMA50 4h sem Volume Agressor (Ratio < 1.3),Consolidação sem alvo/stop,"R$ 0,00"
2026-02-25 08:00,TUT,58/100,Suporte Macro do BTC Perdido (< EMA50 1D -3%),Consolidação sem alvo/stop,"R$ 0,00"
2026-02-25 08:00,HBAR,75/100,Suporte Macro do BTC Perdido (< EMA50 1D -3%),Consolidação sem alvo/stop,"R$ 0,00"
2026-02-25 08:00,DOT,68/100,Suporte Macro do BTC Perdido (< EMA50 1D -3%),Consolidação sem alvo/stop,"R$ 0,00"
2026-02-25 08:00,PENGU,75/100,Suporte Macro do BTC Perdido (< EMA50 1D -3%),Consolidação sem alvo/stop,"R$ 0,00"
2026-02-25 08:00,HEI,65/100,Suporte Macro do BTC Perdido (< EMA50 1D -3%),Prejuízo evitado: -R$ 10.00 (-9.95%),R$ 10.00
2026-02-25 08:00,INJ,54/100,Suporte Macro do BTC Perdido (< EMA50 1D -3%) | Preço < EMA50 4h sem Volume Agressor (Ratio < 1.3),Consolidação sem alvo/stop,"R$ 0,00"
2026-02-25 08:00,RENDER,79/100,Suporte Macro do BTC Perdido (< EMA50 1D -3%),Consolidação sem alvo/stop,"R$ 0,00"
2026-02-25 08:00,APT,69/100,Suporte Macro do BTC Perdido (< EMA50 1D -3%),Alvo 1 atingido (Filtrado pelo protocolo),"R$ 0,00"
2026-02-25 12:00,BTC,75/100,Suporte Macro do BTC Perdido (< EMA50 1D -3%),Consolidação sem alvo/stop,"R$ 0,00"
2026-02-25 12:00,ETH,70/100,Suporte Macro do BTC Perdido (< EMA50 1D -3%),Consolidação sem alvo/stop,"R$ 0,00"
2026-02-25 12:00,SOL,74/100,Suporte Macro do BTC Perdido (< EMA50 1D -3%),Consolidação sem alvo/stop,"R$ 0,00"
2026-02-25 12:00,XRP,65/100,Suporte Macro do BTC Perdido (< EMA50 1D -3%),Consolidação sem alvo/stop,"R$ 0,00"
2026-02-25 12:00,BNB,75/100,Suporte Macro do BTC Perdido (< EMA50 1D -3%),Consolidação sem alvo/stop,"R$ 0,00"
2026-02-25 12:00,ALLO,88/100,Suporte Macro do BTC Perdido (< EMA50 1D -3%),Consolidação sem alvo/stop,"R$ 0,00"
2026-02-25 12:00,SUI,75/100,Vesting (Desbloqueio SUI > 1% (Cliff mensal no dia 1)) | Suporte Macro do BTC Perdido (< EMA50 1D -3%),Consolidação sem alvo/stop,"R$ 0,00"
2026-02-25 12:00,WLD,74/100,Suporte Macro do BTC Perdido (< EMA50 1D -3%),Consolidação sem alvo/stop,"R$ 0,00"
2026-02-25 12:00,BCH,75/100,Suporte Macro do BTC Perdido (< EMA50 1D -3%),Consolidação sem alvo/stop,"R$ 0,00"
2026-02-25 12:00,TRUMP,65/100,Suporte Macro do BTC Perdido (< EMA50 1D -3%),Consolidação sem alvo/stop,"R$ 0,00"
2026-02-25 12:00,PEPE,65/100,Suporte Macro do BTC Perdido (< EMA50 1D -3%),Prejuízo evitado: -R$ 10.00 (-12.80%),R$ 10.00
2026-02-25 12:00,HEMI,75/100,Suporte Macro do BTC Perdido (< EMA50 1D -3%),Consolidação sem alvo/stop,"R$ 0,00"
2026-02-25 12:00,XPL,69/100,Suporte Macro do BTC Perdido (< EMA50 1D -3%),Consolidação sem alvo/stop,"R$ 0,00"
2026-02-25 12:00,PUMP,65/100,Suporte Macro do BTC Perdido (< EMA50 1D -3%),Consolidação sem alvo/stop,"R$ 0,00"
2026-02-25 12:00,TAO,65/100,Suporte Macro do BTC Perdido (< EMA50 1D -3%),Consolidação sem alvo/stop,"R$ 0,00"
2026-02-25 12:00,AAVE,75/100,Suporte Macro do BTC Perdido (< EMA50 1D -3%),Consolidação sem alvo/stop,"R$ 0,00"
2026-02-25 12:00,ENA,75/100,Suporte Macro do BTC Perdido (< EMA50 1D -3%),Consolidação sem alvo/stop,"R$ 0,00"
2026-02-25 12:00,XLM,75/100,Suporte Macro do BTC Perdido (< EMA50 1D -3%),Consolidação sem alvo/stop,"R$ 0,00"
2026-02-25 12:00,EURI,73/100,Suporte Macro do BTC Perdido (< EMA50 1D -3%),Consolidação sem alvo/stop,"R$ 0,00"
2026-02-25 12:00,ARB,75/100,Suporte Macro do BTC Perdido (< EMA50 1D -3%),Consolidação sem alvo/stop,"R$ 0,00"
2026-02-25 12:00,ONDO,69/100,Suporte Macro do BTC Perdido (< EMA50 1D -3%),Consolidação sem alvo/stop,"R$ 0,00"
2026-02-25 12:00,ASTER,83/100,Suporte Macro do BTC Perdido (< EMA50 1D -3%),Consolidação sem alvo/stop,"R$ 0,00"
2026-02-25 12:00,HBAR,79/100,Suporte Macro do BTC Perdido (< EMA50 1D -3%),Consolidação sem alvo/stop,"R$ 0,00"
2026-02-25 12:00,FET,75/100,Suporte Macro do BTC Perdido (< EMA50 1D -3%),Consolidação sem alvo/stop,"R$ 0,00"
2026-02-25 12:00,EDEN,75/100,Suporte Macro do BTC Perdido (< EMA50 1D -3%),Alvo 1 atingido (Filtrado pelo protocolo),"R$ 0,00"
2026-02-25 12:00,WLFI,71/100,Suporte Macro do BTC Perdido (< EMA50 1D -3%),Consolidação sem alvo/stop,"R$ 0,00"
2026-02-25 12:00,ICP,74/100,Suporte Macro do BTC Perdido (< EMA50 1D -3%),Consolidação sem alvo/stop,"R$ 0,00"
2026-02-25 12:00,PORTAL,71/100,Suporte Macro do BTC Perdido (< EMA50 1D -3%) | Preço < EMA50 4h sem Volume Agressor (Ratio < 1.3),Alvo 1 atingido (Filtrado pelo protocolo),"R$ 0,00"
2026-02-25 12:00,HEI,65/100,Suporte Macro do BTC Perdido (< EMA50 1D -3%),Prejuízo evitado: -R$ 10.00 (-11.44%),R$ 10.00
2026-02-25 12:00,DASH,75/100,Suporte Macro do BTC Perdido (< EMA50 1D -3%),Consolidação sem alvo/stop,"R$ 0,00"
2026-02-25 12:00,SHIB,75/100,Suporte Macro do BTC Perdido (< EMA50 1D -3%),Consolidação sem alvo/stop,"R$ 0,00"
2026-02-25 12:00,LDO,65/100,Suporte Macro do BTC Perdido (< EMA50 1D -3%),Consolidação sem alvo/stop,"R$ 0,00"
2026-02-25 12:00,RENDER,79/100,Suporte Macro do BTC Perdido (< EMA50 1D -3%),Consolidação sem alvo/stop,"R$ 0,00"
2026-02-25 12:00,WBTC,75/100,Suporte Macro do BTC Perdido (< EMA50 1D -3%),Consolidação sem alvo/stop,"R$ 0,00"
2026-02-25 16:00,BTC,70/100,Suporte Macro do BTC Perdido (< EMA50 1D -3%),Consolidação sem alvo/stop,"R$ 0,00"
2026-02-25 16:00,XRP,70/100,Suporte Macro do BTC Perdido (< EMA50 1D -3%),Consolidação sem alvo/stop,"R$ 0,00"
2026-02-25 16:00,ZEC,75/100,Suporte Macro do BTC Perdido (< EMA50 1D -3%),Prejuízo evitado: -R$ 10.00 (-15.03%),R$ 10.00
2026-02-25 16:00,BNB,70/100,Suporte Macro do BTC Perdido (< EMA50 1D -3%),Consolidação sem alvo/stop,"R$ 0,00"
2026-02-25 16:00,ACE,75/100,Suporte Macro do BTC Perdido (< EMA50 1D -3%),Consolidação sem alvo/stop,"R$ 0,00"
2026-02-25 16:00,PLUME,75/100,Suporte Macro do BTC Perdido (< EMA50 1D -3%),Consolidação sem alvo/stop,"R$ 0,00"
2026-02-25 16:00,TRUMP,75/100,Suporte Macro do BTC Perdido (< EMA50 1D -3%),Consolidação sem alvo/stop,"R$ 0,00"
2026-02-25 16:00,TRX,80/100,Suporte Macro do BTC Perdido (< EMA50 1D -3%),Consolidação sem alvo/stop,"R$ 0,00"
2026-02-25 16:00,PEPE,60/100,Suporte Macro do BTC Perdido (< EMA50 1D -3%),Prejuízo evitado: -R$ 10.00 (-16.67%),R$ 10.00
2026-02-25 16:00,TAO,75/100,Suporte Macro do BTC Perdido (< EMA50 1D -3%),Consolidação sem alvo/stop,"R$ 0,00"
2026-02-25 16:00,AAVE,75/100,Suporte Macro do BTC Perdido (< EMA50 1D -3%),Consolidação sem alvo/stop,"R$ 0,00"
2026-02-25 16:00,ENA,70/100,Suporte Macro do BTC Perdido (< EMA50 1D -3%),Consolidação sem alvo/stop,"R$ 0,00"
2026-02-25 16:00,TUT,65/100,Suporte Macro do BTC Perdido (< EMA50 1D -3%),Consolidação sem alvo/stop,"R$ 0,00"
2026-02-25 16:00,EURI,73/100,Suporte Macro do BTC Perdido (< EMA50 1D -3%),Consolidação sem alvo/stop,"R$ 0,00"
2026-02-25 16:00,TREE,75/100,Suporte Macro do BTC Perdido (< EMA50 1D -3%),Consolidação sem alvo/stop,"R$ 0,00"
2026-02-25 16:00,ASTER,83/100,Suporte Macro do BTC Perdido (< EMA50 1D -3%),Consolidação sem alvo/stop,"R$ 0,00"
2026-02-25 16:00,HEI,60/100,Suporte Macro do BTC Perdido (< EMA50 1D -3%),Prejuízo evitado: -R$ 10.00 (-12.26%),R$ 10.00
2026-02-25 16:00,INJ,75/100,Suporte Macro do BTC Perdido (< EMA50 1D -3%),Consolidação sem alvo/stop,"R$ 0,00"
2026-02-25 16:00,DASH,60/100,Suporte Macro do BTC Perdido (< EMA50 1D -3%),Consolidação sem alvo/stop,"R$ 0,00"
2026-02-25 16:00,SHIB,65/100,Suporte Macro do BTC Perdido (< EMA50 1D -3%),Consolidação sem alvo/stop,"R$ 0,00"
2026-02-25 16:00,RENDER,74/100,Suporte Macro do BTC Perdido (< EMA50 1D -3%),Consolidação sem alvo/stop,"R$ 0,00"
2026-02-25 16:00,WBTC,60/100,Suporte Macro do BTC Perdido (< EMA50 1D -3%),Consolidação sem alvo/stop,"R$ 0,00"
2026-02-25 16:00,币安人生,48/100,Suporte Macro do BTC Perdido (< EMA50 1D -3%) | Preço < EMA50 4h sem Volume Agressor (Ratio < 1.3),Consolidação sem alvo/stop,"R$ 0,00"
2026-02-25 20:00,EURI,73/100,Suporte Macro do BTC Perdido (< EMA50 1D -3%),Consolidação sem alvo/stop,"R$ 0,00"
2026-02-26 04:00,TRX,74/100,Suporte Macro do BTC Perdido (< EMA50 1D -3%),Prejuízo evitado: -R$ 10.00 (-2.56%),R$ 10.00
2026-02-26 04:00,ENA,66/100,Suporte Macro do BTC Perdido (< EMA50 1D -3%),Consolidação sem alvo/stop,"R$ 0,00"
2026-02-26 12:00,GPS,58/100,Suporte Macro do BTC Perdido (< EMA50 1D -3%) | Preço < EMA50 4h sem Volume Agressor (Ratio < 1.3),Consolidação sem alvo/stop,"R$ 0,00"
2026-02-26 16:00,TREE,79/100,Suporte Macro do BTC Perdido (< EMA50 1D -3%),Consolidação sem alvo/stop,"R$ 0,00"
2026-02-26 20:00,BNB,71/100,Suporte Macro do BTC Perdido (< EMA50 1D -3%),Consolidação sem alvo/stop,"R$ 0,00"
2026-02-26 20:00,NEAR,69/100,Suporte Macro do BTC Perdido (< EMA50 1D -3%),Consolidação sem alvo/stop,"R$ 0,00"
2026-02-26 20:00,UNI,74/100,Suporte Macro do BTC Perdido (< EMA50 1D -3%),Consolidação sem alvo/stop,"R$ 0,00"
2026-02-26 20:00,PUMP,48/100,Suporte Macro do BTC Perdido (< EMA50 1D -3%) | Preço < EMA50 4h sem Volume Agressor (Ratio < 1.3),Consolidação sem alvo/stop,"R$ 0,00"
2026-02-26 20:00,TAO,75/100,Suporte Macro do BTC Perdido (< EMA50 1D -3%),Consolidação sem alvo/stop,"R$ 0,00"
2026-02-26 20:00,TREE,79/100,Suporte Macro do BTC Perdido (< EMA50 1D -3%),Consolidação sem alvo/stop,"R$ 0,00"
2026-02-26 20:00,HBAR,80/100,Suporte Macro do BTC Perdido (< EMA50 1D -3%),Consolidação sem alvo/stop,"R$ 0,00"
2026-02-26 20:00,ICP,70/100,Suporte Macro do BTC Perdido (< EMA50 1D -3%),Consolidação sem alvo/stop,"R$ 0,00"
2026-02-26 20:00,FIL,69/100,Suporte Macro do BTC Perdido (< EMA50 1D -3%),Consolidação sem alvo/stop,"R$ 0,00"
2026-02-26 20:00,HEI,65/100,Suporte Macro do BTC Perdido (< EMA50 1D -3%),Prejuízo evitado: -R$ 10.00 (-7.06%),R$ 10.00
2026-02-26 20:00,ZRO,65/100,Suporte Macro do BTC Perdido (< EMA50 1D -3%),Consolidação sem alvo/stop,"R$ 0,00"
2026-02-26 20:00,KAITO,69/100,Suporte Macro do BTC Perdido (< EMA50 1D -3%),Consolidação sem alvo/stop,"R$ 0,00"
2026-02-27 00:00,ETH,71/100,Suporte Macro do BTC Perdido (< EMA50 1D -3%),Prejuízo evitado: -R$ 10.00 (-10.18%),R$ 10.00
2026-02-27 00:00,SOL,65/100,Suporte Macro do BTC Perdido (< EMA50 1D -3%),Prejuízo evitado: -R$ 10.00 (-9.79%),R$ 10.00
2026-02-27 00:00,BNB,71/100,Suporte Macro do BTC Perdido (< EMA50 1D -3%),Consolidação sem alvo/stop,"R$ 0,00"
2026-02-27 00:00,ALLO,78/100,Suporte Macro do BTC Perdido (< EMA50 1D -3%),Consolidação sem alvo/stop,"R$ 0,00"
2026-02-27 00:00,LINK,71/100,Suporte Macro do BTC Perdido (< EMA50 1D -3%),Prejuízo evitado: -R$ 10.00 (-10.32%),R$ 10.00
2026-02-27 00:00,SUI,65/100,Vesting (Desbloqueio SUI > 1% (Cliff mensal no dia 1)) | Suporte Macro do BTC Perdido (< EMA50 1D -3%),Prejuízo evitado: -R$ 10.00 (-10.42%),R$ 10.00
2026-02-27 00:00,WLD,71/100,Suporte Macro do BTC Perdido (< EMA50 1D -3%),Prejuízo evitado: -R$ 10.00 (-8.31%),R$ 10.00
2026-02-27 00:00,ADA,71/100,Suporte Macro do BTC Perdido (< EMA50 1D -3%),Consolidação sem alvo/stop,"R$ 0,00"
2026-02-27 00:00,XPL,65/100,Suporte Macro do BTC Perdido (< EMA50 1D -3%),Consolidação sem alvo/stop,"R$ 0,00"
2026-02-27 00:00,UNI,74/100,Suporte Macro do BTC Perdido (< EMA50 1D -3%),Consolidação sem alvo/stop,"R$ 0,00"
2026-02-27 00:00,AVAX,71/100,Suporte Macro do BTC Perdido (< EMA50 1D -3%),Prejuízo evitado: -R$ 10.00 (-9.39%),R$ 10.00
2026-02-27 00:00,TAO,71/100,Suporte Macro do BTC Perdido (< EMA50 1D -3%),Prejuízo evitado: -R$ 10.00 (-10.93%),R$ 10.00
2026-02-27 00:00,GPS,54/100,Suporte Macro do BTC Perdido (< EMA50 1D -3%) | Preço < EMA50 4h sem Volume Agressor (Ratio < 1.3),Consolidação sem alvo/stop,"R$ 0,00"
2026-02-27 00:00,LTC,65/100,Suporte Macro do BTC Perdido (< EMA50 1D -3%),Consolidação sem alvo/stop,"R$ 0,00"
2026-02-27 00:00,XLM,71/100,Suporte Macro do BTC Perdido (< EMA50 1D -3%),Prejuízo evitado: -R$ 10.00 (-8.89%),R$ 10.00
2026-02-27 00:00,ARB,71/100,Suporte Macro do BTC Perdido (< EMA50 1D -3%),Consolidação sem alvo/stop,"R$ 0,00"
2026-02-27 00:00,ONDO,71/100,Suporte Macro do BTC Perdido (< EMA50 1D -3%),Prejuízo evitado: -R$ 10.00 (-8.96%),R$ 10.00
2026-02-27 00:00,HBAR,80/100,Suporte Macro do BTC Perdido (< EMA50 1D -3%),Consolidação sem alvo/stop,"R$ 0,00"
2026-02-27 00:00,USDE,71/100,Suporte Macro do BTC Perdido (< EMA50 1D -3%),Consolidação sem alvo/stop,"R$ 0,00"
2026-02-27 00:00,FET,65/100,Suporte Macro do BTC Perdido (< EMA50 1D -3%),Prejuízo evitado: -R$ 10.00 (-8.56%),R$ 10.00
2026-02-27 00:00,PENGU,65/100,Suporte Macro do BTC Perdido (< EMA50 1D -3%),Prejuízo evitado: -R$ 10.00 (-10.84%),R$ 10.00
2026-02-27 00:00,HEI,65/100,Suporte Macro do BTC Perdido (< EMA50 1D -3%),Prejuízo evitado: -R$ 10.00 (-9.38%),R$ 10.00
2026-02-27 00:00,DASH,65/100,Suporte Macro do BTC Perdido (< EMA50 1D -3%),Prejuízo evitado: -R$ 10.00 (-7.81%),R$ 10.00
2026-02-27 00:00,RENDER,71/100,Suporte Macro do BTC Perdido (< EMA50 1D -3%),Prejuízo evitado: -R$ 10.00 (-9.25%),R$ 10.00
2026-02-27 00:00,VIRTUAL,80/100,Suporte Macro do BTC Perdido (< EMA50 1D -3%),Consolidação sem alvo/stop,"R$ 0,00"
2026-02-27 00:00,POL,74/100,Suporte Macro do BTC Perdido (< EMA50 1D -3%),Prejuízo evitado: -R$ 10.00 (-8.30%),R$ 10.00
2026-02-27 00:00,APT,65/100,Suporte Macro do BTC Perdido (< EMA50 1D -3%),Consolidação sem alvo/stop,"R$ 0,00"
2026-02-27 00:00,ZRO,65/100,Suporte Macro do BTC Perdido (< EMA50 1D -3%),Consolidação sem alvo/stop,"R$ 0,00"
2026-02-27 00:00,KAITO,70/100,Suporte Macro do BTC Perdido (< EMA50 1D -3%),Consolidação sem alvo/stop,"R$ 0,00"
2026-02-27 04:00,XRP,71/100,Suporte Macro do BTC Perdido (< EMA50 1D -3%),Prejuízo evitado: -R$ 10.00 (-6.31%),R$ 10.00
2026-02-27 04:00,DOGE,71/100,Suporte Macro do BTC Perdido (< EMA50 1D -3%),Prejuízo evitado: -R$ 10.00 (-7.71%),R$ 10.00
2026-02-27 04:00,SUI,65/100,Vesting (Desbloqueio SUI > 1% (Cliff mensal no dia 1)) | Suporte Macro do BTC Perdido (< EMA50 1D -3%),Prejuízo evitado: -R$ 10.00 (-9.89%),R$ 10.00
2026-02-27 04:00,WLD,71/100,Suporte Macro do BTC Perdido (< EMA50 1D -3%),Prejuízo evitado: -R$ 10.00 (-9.42%),R$ 10.00
2026-02-27 04:00,NEAR,69/100,Suporte Macro do BTC Perdido (< EMA50 1D -3%),Consolidação sem alvo/stop,"R$ 0,00"
2026-02-27 04:00,XPL,65/100,Suporte Macro do BTC Perdido (< EMA50 1D -3%),Consolidação sem alvo/stop,"R$ 0,00"
2026-02-27 04:00,PUMP,65/100,Suporte Macro do BTC Perdido (< EMA50 1D -3%),Consolidação sem alvo/stop,"R$ 0,00"
2026-02-27 04:00,AAVE,65/100,Suporte Macro do BTC Perdido (< EMA50 1D -3%),Consolidação sem alvo/stop,"R$ 0,00"
2026-02-27 04:00,ENA,75/100,Suporte Macro do BTC Perdido (< EMA50 1D -3%),Prejuízo evitado: -R$ 10.00 (-9.92%),R$ 10.00
2026-02-27 04:00,MUBARAK,48/100,Suporte Macro do BTC Perdido (< EMA50 1D -3%) | Preço < EMA50 4h sem Volume Agressor (Ratio < 1.3),Consolidação sem alvo/stop,"R$ 0,00"
2026-02-27 04:00,XLM,71/100,Suporte Macro do BTC Perdido (< EMA50 1D -3%),Prejuízo evitado: -R$ 10.00 (-8.32%),R$ 10.00
2026-02-27 04:00,EURI,73/100,Suporte Macro do BTC Perdido (< EMA50 1D -3%),Consolidação sem alvo/stop,"R$ 0,00"
2026-02-27 04:00,ONDO,71/100,Suporte Macro do BTC Perdido (< EMA50 1D -3%),Prejuízo evitado: -R$ 10.00 (-9.75%),R$ 10.00
2026-02-27 04:00,HBAR,75/100,Suporte Macro do BTC Perdido (< EMA50 1D -3%),Prejuízo evitado: -R$ 10.00 (-8.80%),R$ 10.00
2026-02-27 04:00,FET,65/100,Suporte Macro do BTC Perdido (< EMA50 1D -3%),Prejuízo evitado: -R$ 10.00 (-9.32%),R$ 10.00
2026-02-27 04:00,PENGU,65/100,Suporte Macro do BTC Perdido (< EMA50 1D -3%),Prejuízo evitado: -R$ 10.00 (-12.43%),R$ 10.00
2026-02-27 04:00,ETHFI,74/100,Suporte Macro do BTC Perdido (< EMA50 1D -3%),Prejuízo evitado: -R$ 10.00 (-9.57%),R$ 10.00
2026-02-27 04:00,DASH,65/100,Suporte Macro do BTC Perdido (< EMA50 1D -3%),Prejuízo evitado: -R$ 10.00 (-8.63%),R$ 10.00
2026-02-27 04:00,BIO,48/100,Suporte Macro do BTC Perdido (< EMA50 1D -3%) | Preço < EMA50 4h sem Volume Agressor (Ratio < 1.3),Prejuízo evitado: -R$ 10.00 (-11.91%),R$ 10.00
2026-02-27 04:00,RENDER,71/100,Suporte Macro do BTC Perdido (< EMA50 1D -3%),Prejuízo evitado: -R$ 10.00 (-10.42%),R$ 10.00
2026-02-27 04:00,币安人生,75/100,Suporte Macro do BTC Perdido (< EMA50 1D -3%),Consolidação sem alvo/stop,"R$ 0,00"
2026-02-27 04:00,DEXE,79/100,Suporte Macro do BTC Perdido (< EMA50 1D -3%),Consolidação sem alvo/stop,"R$ 0,00"
2026-02-27 04:00,POL,74/100,Suporte Macro do BTC Perdido (< EMA50 1D -3%),Prejuízo evitado: -R$ 10.00 (-10.58%),R$ 10.00
2026-02-27 04:00,APT,66/100,Suporte Macro do BTC Perdido (< EMA50 1D -3%),Consolidação sem alvo/stop,"R$ 0,00"
2026-02-27 04:00,ZRO,65/100,Suporte Macro do BTC Perdido (< EMA50 1D -3%),Consolidação sem alvo/stop,"R$ 0,00"
2026-02-27 16:00,EURI,65/100,Suporte Macro do BTC Perdido (< EMA50 1D -3%),Consolidação sem alvo/stop,"R$ 0,00"
2026-02-27 16:00,DOT,66/100,Suporte Macro do BTC Perdido (< EMA50 1D -3%),Consolidação sem alvo/stop,"R$ 0,00"
2026-02-27 20:00,ASTER,71/100,Suporte Macro do BTC Perdido (< EMA50 1D -3%),Consolidação sem alvo/stop,"R$ 0,00"
2026-02-27 20:00,ICP,71/100,Suporte Macro do BTC Perdido (< EMA50 1D -3%),Consolidação sem alvo/stop,"R$ 0,00"
2026-02-27 20:00,HEI,40/100,Suporte Macro do BTC Perdido (< EMA50 1D -3%) | Preço < EMA50 4h sem Volume Agressor (Ratio < 1.3),Consolidação sem alvo/stop,"R$ 0,00"
2026-02-27 20:00,币安人生,63/100,Suporte Macro do BTC Perdido (< EMA50 1D -3%),Consolidação sem alvo/stop,"R$ 0,00"
2026-02-28 00:00,ZEC,40/100,Suporte Macro do BTC Perdido (< EMA50 1D -3%) | Preço < EMA50 4h sem Volume Agressor (Ratio < 1.3),Consolidação sem alvo/stop,"R$ 0,00"
2026-02-28 00:00,TAO,61/100,Suporte Macro do BTC Perdido (< EMA50 1D -3%),Consolidação sem alvo/stop,"R$ 0,00"
2026-02-28 00:00,GPS,62/100,Suporte Macro do BTC Perdido (< EMA50 1D -3%) | Preço < EMA50 4h sem Volume Agressor (Ratio < 1.3),Consolidação sem alvo/stop,"R$ 0,00"
2026-02-28 08:00,DEXE,70/100,Suporte Macro do BTC Perdido (< EMA50 1D -3%),Consolidação sem alvo/stop,"R$ 0,00"
2026-02-28 12:00,BTC,40/100,Suporte Macro do BTC Perdido (< EMA50 1D -3%) | Preço < EMA50 4h sem Volume Agressor (Ratio < 1.3),Consolidação sem alvo/stop,"R$ 0,00"
2026-02-28 12:00,ETH,50/100,Suporte Macro do BTC Perdido (< EMA50 1D -3%) | Preço < EMA50 4h sem Volume Agressor (Ratio < 1.3),Consolidação sem alvo/stop,"R$ 0,00"
2026-02-28 12:00,SOL,40/100,Suporte Macro do BTC Perdido (< EMA50 1D -3%),Consolidação sem alvo/stop,"R$ 0,00"
2026-02-28 12:00,XRP,40/100,Suporte Macro do BTC Perdido (< EMA50 1D -3%),Consolidação sem alvo/stop,"R$ 0,00"
2026-02-28 12:00,ZEC,48/100,Suporte Macro do BTC Perdido (< EMA50 1D -3%) | Preço < EMA50 4h sem Volume Agressor (Ratio < 1.3),Consolidação sem alvo/stop,"R$ 0,00"
2026-02-28 12:00,BNB,40/100,Suporte Macro do BTC Perdido (< EMA50 1D -3%) | Preço < EMA50 4h sem Volume Agressor (Ratio < 1.3),Consolidação sem alvo/stop,"R$ 0,00"
2026-02-28 12:00,DOGE,58/100,Suporte Macro do BTC Perdido (< EMA50 1D -3%),Consolidação sem alvo/stop,"R$ 0,00"
2026-02-28 12:00,LINK,48/100,Suporte Macro do BTC Perdido (< EMA50 1D -3%),Consolidação sem alvo/stop,"R$ 0,00"
2026-02-28 12:00,SUI,48/100,Vesting (Desbloqueio SUI > 1% (Cliff mensal no dia 1)) | Suporte Macro do BTC Perdido (< EMA50 1D -3%),Consolidação sem alvo/stop,"R$ 0,00"
2026-02-28 12:00,ACE,67/100,Suporte Macro do BTC Perdido (< EMA50 1D -3%),Consolidação sem alvo/stop,"R$ 0,00"
2026-02-28 12:00,WLD,44/100,Suporte Macro do BTC Perdido (< EMA50 1D -3%) | Preço < EMA50 4h sem Volume Agressor (Ratio < 1.3),Consolidação sem alvo/stop,"R$ 0,00"
2026-02-28 12:00,ADA,46/100,Suporte Macro do BTC Perdido (< EMA50 1D -3%) | Preço < EMA50 4h sem Volume Agressor (Ratio < 1.3),Consolidação sem alvo/stop,"R$ 0,00"
2026-02-28 12:00,PLUME,46/100,Suporte Macro do BTC Perdido (< EMA50 1D -3%) | Preço < EMA50 4h sem Volume Agressor (Ratio < 1.3),Consolidação sem alvo/stop,"R$ 0,00"
2026-02-28 12:00,PEPE,48/100,Suporte Macro do BTC Perdido (< EMA50 1D -3%) | Preço < EMA50 4h sem Volume Agressor (Ratio < 1.3),Consolidação sem alvo/stop,"R$ 0,00"
2026-02-28 12:00,HEMI,54/100,Suporte Macro do BTC Perdido (< EMA50 1D -3%) | Preço < EMA50 4h sem Volume Agressor (Ratio < 1.3),Consolidação sem alvo/stop,"R$ 0,00"
2026-02-28 12:00,AVAX,46/100,Suporte Macro do BTC Perdido (< EMA50 1D -3%) | Preço < EMA50 4h sem Volume Agressor (Ratio < 1.3),Consolidação sem alvo/stop,"R$ 0,00"
2026-02-28 12:00,TAO,44/100,Suporte Macro do BTC Perdido (< EMA50 1D -3%),Consolidação sem alvo/stop,"R$ 0,00"
2026-02-28 12:00,GPS,58/100,Suporte Macro do BTC Perdido (< EMA50 1D -3%) | Preço < EMA50 4h sem Volume Agressor (Ratio < 1.3),Consolidação sem alvo/stop,"R$ 0,00"
2026-02-28 12:00,LTC,46/100,Suporte Macro do BTC Perdido (< EMA50 1D -3%) | Preço < EMA50 4h sem Volume Agressor (Ratio < 1.3),Consolidação sem alvo/stop,"R$ 0,00"
2026-02-28 12:00,AAVE,46/100,Suporte Macro do BTC Perdido (< EMA50 1D -3%) | Preço < EMA50 4h sem Volume Agressor (Ratio < 1.3),Alvo 1 atingido (Filtrado pelo protocolo),"R$ 0,00"
2026-02-28 12:00,ENA,40/100,Suporte Macro do BTC Perdido (< EMA50 1D -3%) | Preço < EMA50 4h sem Volume Agressor (Ratio < 1.3),Alvo 1 atingido (Filtrado pelo protocolo),"R$ 0,00"
2026-02-28 12:00,XLM,40/100,Suporte Macro do BTC Perdido (< EMA50 1D -3%),Consolidação sem alvo/stop,"R$ 0,00"
2026-02-28 12:00,ONDO,48/100,Suporte Macro do BTC Perdido (< EMA50 1D -3%) | Preço < EMA50 4h sem Volume Agressor (Ratio < 1.3),Consolidação sem alvo/stop,"R$ 0,00"
2026-02-28 12:00,TREE,40/100,Suporte Macro do BTC Perdido (< EMA50 1D -3%) | Preço < EMA50 4h sem Volume Agressor (Ratio < 1.3),Consolidação sem alvo/stop,"R$ 0,00"
2026-02-28 12:00,ASTER,75/100,Suporte Macro do BTC Perdido (< EMA50 1D -3%),Consolidação sem alvo/stop,"R$ 0,00"
2026-02-28 12:00,HBAR,44/100,Suporte Macro do BTC Perdido (< EMA50 1D -3%) | Preço < EMA50 4h sem Volume Agressor (Ratio < 1.3),Consolidação sem alvo/stop,"R$ 0,00"
2026-02-28 12:00,EDEN,40/100,Suporte Macro do BTC Perdido (< EMA50 1D -3%) | Preço < EMA50 4h sem Volume Agressor (Ratio < 1.3),Consolidação sem alvo/stop,"R$ 0,00"
2026-02-28 12:00,PENGU,50/100,Suporte Macro do BTC Perdido (< EMA50 1D -3%) | Preço < EMA50 4h sem Volume Agressor (Ratio < 1.3),Alvo 1 atingido (Filtrado pelo protocolo),"R$ 0,00"
2026-02-28 12:00,WLFI,40/100,Suporte Macro do BTC Perdido (< EMA50 1D -3%) | Preço < EMA50 4h sem Volume Agressor (Ratio < 1.3),Consolidação sem alvo/stop,"R$ 0,00"
2026-02-28 12:00,ETHFI,54/100,Suporte Macro do BTC Perdido (< EMA50 1D -3%) | Preço < EMA50 4h sem Volume Agressor (Ratio < 1.3),Consolidação sem alvo/stop,"R$ 0,00"
2026-02-28 12:00,DASH,48/100,Suporte Macro do BTC Perdido (< EMA50 1D -3%),Consolidação sem alvo/stop,"R$ 0,00"
2026-02-28 12:00,LDO,58/100,Suporte Macro do BTC Perdido (< EMA50 1D -3%),Consolidação sem alvo/stop,"R$ 0,00"
2026-02-28 12:00,WBTC,50/100,Suporte Macro do BTC Perdido (< EMA50 1D -3%) | Preço < EMA50 4h sem Volume Agressor (Ratio < 1.3),Consolidação sem alvo/stop,"R$ 0,00"
2026-02-28 12:00,DEXE,70/100,Suporte Macro do BTC Perdido (< EMA50 1D -3%),Consolidação sem alvo/stop,"R$ 0,00"
2026-02-28 12:00,POL,50/100,Suporte Macro do BTC Perdido (< EMA50 1D -3%) | Preço < EMA50 4h sem Volume Agressor (Ratio < 1.3),Consolidação sem alvo/stop,"R$ 0,00"
2026-02-28 12:00,ZRO,65/100,Suporte Macro do BTC Perdido (< EMA50 1D -3%),Consolidação sem alvo/stop,"R$ 0,00"
2026-02-28 12:00,KAITO,67/100,Suporte Macro do BTC Perdido (< EMA50 1D -3%),Consolidação sem alvo/stop,"R$ 0,00"
2026-02-28 16:00,XRP,58/100,Suporte Macro do BTC Perdido (< EMA50 1D -3%) | Preço < EMA50 4h sem Volume Agressor (Ratio < 1.3),Consolidação sem alvo/stop,"R$ 0,00"
2026-02-28 16:00,ZEC,48/100,Suporte Macro do BTC Perdido (< EMA50 1D -3%) | Preço < EMA50 4h sem Volume Agressor (Ratio < 1.3),Consolidação sem alvo/stop,"R$ 0,00"
2026-02-28 16:00,BNB,65/100,Suporte Macro do BTC Perdido (< EMA50 1D -3%),Consolidação sem alvo/stop,"R$ 0,00"
2026-02-28 16:00,ALLO,84/100,Suporte Macro do BTC Perdido (< EMA50 1D -3%),Consolidação sem alvo/stop,"R$ 0,00"
2026-02-28 16:00,DOGE,64/100,Suporte Macro do BTC Perdido (< EMA50 1D -3%) | Preço < EMA50 4h sem Volume Agressor (Ratio < 1.3),Consolidação sem alvo/stop,"R$ 0,00"
2026-02-28 16:00,LINK,64/100,Suporte Macro do BTC Perdido (< EMA50 1D -3%) | Preço < EMA50 4h sem Volume Agressor (Ratio < 1.3),Consolidação sem alvo/stop,"R$ 0,00"
2026-02-28 16:00,SUI,58/100,Vesting (Desbloqueio SUI > 1% (Cliff mensal no dia 1)) | Suporte Macro do BTC Perdido (< EMA50 1D -3%) | Preço < EMA50 4h sem Volume Agressor (Ratio < 1.3),Consolidação sem alvo/stop,"R$ 0,00"
2026-02-28 16:00,PLUME,64/100,Suporte Macro do BTC Perdido (< EMA50 1D -3%) | Preço < EMA50 4h sem Volume Agressor (Ratio < 1.3),Consolidação sem alvo/stop,"R$ 0,00"
2026-02-28 16:00,NEAR,79/100,Suporte Macro do BTC Perdido (< EMA50 1D -3%),Alvo 1 atingido (Filtrado pelo protocolo),"R$ 0,00"
2026-02-28 16:00,TRUMP,58/100,Suporte Macro do BTC Perdido (< EMA50 1D -3%) | Preço < EMA50 4h sem Volume Agressor (Ratio < 1.3),Consolidação sem alvo/stop,"R$ 0,00"
2026-02-28 16:00,TRX,48/100,Suporte Macro do BTC Perdido (< EMA50 1D -3%) | Preço < EMA50 4h sem Volume Agressor (Ratio < 1.3),Consolidação sem alvo/stop,"R$ 0,00"
2026-02-28 16:00,PEPE,48/100,Suporte Macro do BTC Perdido (< EMA50 1D -3%) | Preço < EMA50 4h sem Volume Agressor (Ratio < 1.3),Consolidação sem alvo/stop,"R$ 0,00"
2026-02-28 16:00,HEMI,54/100,Suporte Macro do BTC Perdido (< EMA50 1D -3%) | Preço < EMA50 4h sem Volume Agressor (Ratio < 1.3),Consolidação sem alvo/stop,"R$ 0,00"
2026-02-28 16:00,XPL,79/100,Suporte Macro do BTC Perdido (< EMA50 1D -3%),Consolidação sem alvo/stop,"R$ 0,00"
2026-02-28 16:00,UNI,75/100,Suporte Macro do BTC Perdido (< EMA50 1D -3%),Consolidação sem alvo/stop,"R$ 0,00"
2026-02-28 16:00,AAVE,54/100,Suporte Macro do BTC Perdido (< EMA50 1D -3%) | Preço < EMA50 4h sem Volume Agressor (Ratio < 1.3),Consolidação sem alvo/stop,"R$ 0,00"
2026-02-28 16:00,MUBARAK,54/100,Suporte Macro do BTC Perdido (< EMA50 1D -3%) | Preço < EMA50 4h sem Volume Agressor (Ratio < 1.3),Consolidação sem alvo/stop,"R$ 0,00"
2026-02-28 16:00,TUT,68/100,Suporte Macro do BTC Perdido (< EMA50 1D -3%) | Preço < EMA50 4h sem Volume Agressor (Ratio < 1.3),Consolidação sem alvo/stop,"R$ 0,00"
2026-02-28 16:00,ONDO,58/100,Suporte Macro do BTC Perdido (< EMA50 1D -3%),Consolidação sem alvo/stop,"R$ 0,00"
2026-02-28 16:00,ASTER,79/100,Suporte Macro do BTC Perdido (< EMA50 1D -3%),Consolidação sem alvo/stop,"R$ 0,00"
2026-02-28 16:00,FET,48/100,Suporte Macro do BTC Perdido (< EMA50 1D -3%) | Preço < EMA50 4h sem Volume Agressor (Ratio < 1.3),Consolidação sem alvo/stop,"R$ 0,00"
2026-02-28 16:00,DOT,84/100,Suporte Macro do BTC Perdido (< EMA50 1D -3%),Consolidação sem alvo/stop,"R$ 0,00"
2026-02-28 16:00,PENGU,71/100,Suporte Macro do BTC Perdido (< EMA50 1D -3%),Consolidação sem alvo/stop,"R$ 0,00"
2026-02-28 16:00,WLFI,48/100,Suporte Macro do BTC Perdido (< EMA50 1D -3%) | Preço < EMA50 4h sem Volume Agressor (Ratio < 1.3),Consolidação sem alvo/stop,"R$ 0,00"
