open_time,open_time_dt,open,high,low,close,volume,close_time,close_time_dt,quote_volume,trades_count,taker_buy_base,taker_buy_quote
1770681600000,2026-02-10 00:00:00,0.0920000,0.1000000,0.0770000,0.0790400,265191164,1770767999999,2026-02-10 23:59:59,22743381.8001300,376662,130232381,11199238.2801300
1770768000000,2026-02-11 00:00:00,0.0790000,0.0828000,0.0746800,0.0774400,132976445,1770854399999,2026-02-11 23:59:59,10423844.1171400,227407,68868019,5411711.0576600
1770854400000,2026-02-12 00:00:00,0.0774300,0.0919500,0.0667200,0.0713300,1414493883,1770940799999,2026-02-12 23:59:59,107633877.0217500,2228087,709674867,54048054.0119200
1770940800000,2026-02-13 00:00:00,0.0713400,0.0714800,0.0562300,0.0612700,1583997406,1771027199999,2026-02-13 23:59:59,97128409.8184100,1666580,791326978,48523041.7073300
1771027200000,2026-02-14 00:00:00,0.0612900,0.0647400,0.0580700,0.0602900,657624540,1771113599999,2026-02-14 23:59:59,40187046.5970300,809435,312432026,19107425.7911400
1771113600000,2026-02-15 00:00:00,0.0602800,0.0612700,0.0511000,0.0532700,617209098,1771199999999,2026-02-15 23:59:59,34955318.2399700,690026,279897888,15868233.8164600
1771200000000,2026-02-16 00:00:00,0.0532800,0.0648100,0.0521700,0.0607700,670029805,1771286399999,2026-02-16 23:59:59,38404278.5728200,739079,345299450,19819034.1270900
1771286400000,2026-02-17 00:00:00,0.0607700,0.0641500,0.0568700,0.0609500,608566860,1771372799999,2026-02-17 23:59:59,36340816.2579700,776847,300755868,17985890.9946100
1771372800000,2026-02-18 00:00:00,0.0609500,0.0944000,0.0567100,0.0895600,3614957392,1771459199999,2026-02-18 23:59:59,293305408.0375000,3420566,1872960146,152250814.5801400
1771459200000,2026-02-19 00:00:00,0.0895700,0.0935000,0.0706100,0.0725000,3491614580,1771545599999,2026-02-19 23:59:59,275675847.6524600,2770776,1798421571,142124079.8017000
1771545600000,2026-02-20 00:00:00,0.0725100,0.0764100,0.0651100,0.0697900,1066543573,1771631999999,2026-02-20 23:59:59,73568019.6123800,1292171,529637827,36571864.6590100
1771632000000,2026-02-21 00:00:00,0.0698000,0.0937000,0.0682000,0.0789400,2762949254,1771718399999,2026-02-21 23:59:59,228447305.2314800,3005682,1410505104,116561903.9700300
1771718400000,2026-02-22 00:00:00,0.0789500,0.0790700,0.0695900,0.0725400,1069548528,1771804799999,2026-02-22 23:59:59,79423007.9768900,1279632,526336308,39110814.2227500
1771804800000,2026-02-23 00:00:00,0.0725400,0.1136300,0.0721000,0.1032700,3791749377,1771891199999,2026-02-23 23:59:59,371592917.8390700,4366781,1957423754,191901498.4810800
1771891200000,2026-02-24 00:00:00,0.1032600,0.1925000,0.0937700,0.1759300,8250138963,1771977599999,2026-02-24 23:59:59,1282751620.5102800,11626320,4247003373,659632608.7225100
1771977600000,2026-02-25 00:00:00,0.1759200,0.1819600,0.1435100,0.1557100,2394662213,1772063999999,2026-02-25 23:59:59,385683059.9902700,4143979,1219356777,196431288.5827300
1772064000000,2026-02-26 00:00:00,0.1557000,0.1561500,0.1333400,0.1379800,1054246220,1772150399999,2026-02-26 23:59:59,148992469.2041500,2031408,533731813,75404104.3424100
1772150400000,2026-02-27 00:00:00,0.1379900,0.1555200,0.1220000,0.1258400,792584995,1772236799999,2026-02-27 23:59:59,108593080.2413300,1569247,394478867,54140020.9791000
1772236800000,2026-02-28 00:00:00,0.1258500,0.1296600,0.1141300,0.1211600,541680876,1772323199999,2026-02-28 23:59:59,65659390.8113200,983939,270715520,32815004.3352800
1772323200000,2026-03-01 00:00:00,0.1211700,0.1467400,0.1195300,0.1282500,1045471720,1772409599999,2026-03-01 23:59:59,137973920.7288800,2118188,522200058,68935691.8472100
1772409600000,2026-03-02 00:00:00,0.1282600,0.1378100,0.1181300,0.1193900,542559284,1772495999999,2026-03-02 23:59:59,69342553.2291300,1049133,261080841,33407478.3434100
1772496000000,2026-03-03 00:00:00,0.1193900,0.1259100,0.1161800,0.1180100,439374794,1772582399999,2026-03-03 23:59:59,52612409.0313500,913471,221001608,26473978.6217000
1772582400000,2026-03-04 00:00:00,0.1180000,0.1224700,0.1147100,0.1192500,303727804,1772668799999,2026-03-04 23:59:59,36147766.6755000,603311,154621042,18411008.1189900
1772668800000,2026-03-05 00:00:00,0.1192500,0.1317800,0.1175100,0.1244200,379384408,1772755199999,2026-03-05 23:59:59,46502260.7706900,859515,190597185,23360795.2871900
1772755200000,2026-03-06 00:00:00,0.1244300,0.1275300,0.1118900,0.1136800,243746702,1772841599999,2026-03-06 23:59:59,29214274.8759600,563460,115725078,13882323.9735600
1772841600000,2026-03-07 00:00:00,0.1136900,0.1188700,0.1070100,0.1083300,152475714,1772927999999,2026-03-07 23:59:59,17216155.3209400,346798,74249554,8395695.7283900
1772928000000,2026-03-08 00:00:00,0.1083400,0.1096000,0.1045700,0.1057300,126279234,1773014399999,2026-03-08 23:59:59,13502628.1388300,276759,61799092,6611070.2086200
1773014400000,2026-03-09 00:00:00,0.1057300,0.1084000,0.1050500,0.1071500,96920674,1773100799999,2026-03-09 23:59:59,10355290.8177900,246953,47807326,5109254.8681700
1773100800000,2026-03-10 00:00:00,0.1071500,0.1119700,0.1018200,0.1025100,135528545,1773187199999,2026-03-10 23:59:59,14567423.7240100,291855,61693995,6640887.5586400
1773187200000,2026-03-11 00:00:00,0.1025200,0.1048600,0.0971000,0.1000400,139160017,1773273599999,2026-03-11 23:59:59,13979549.5766100,282637,68614822,6892571.7406400
1773273600000,2026-03-12 00:00:00,0.1000500,0.1067100,0.0980700,0.1046700,136124233,1773359999999,2026-03-12 23:59:59,13926680.6041200,278574,72318569,7404188.9359200
1773360000000,2026-03-13 00:00:00,0.1046600,0.1103500,0.1002700,0.1003900,145912791,1773446399999,2026-03-13 23:59:59,15490636.8035200,308229,70608838,7505782.1414900
1773446400000,2026-03-14 00:00:00,0.1003900,0.1014800,0.0976800,0.0987000,64412957,1773532799999,2026-03-14 23:59:59,6394417.9835600,151864,31401868,3117722.4852900
1773532800000,2026-03-15 00:00:00,0.0987100,0.1051800,0.0971700,0.0986700,111136366,1773619199999,2026-03-15 23:59:59,11161780.8775700,223415,53668758,5390374.8595400
1773619200000,2026-03-16 00:00:00,0.0986800,0.1132400,0.0983100,0.1068900,293413073,1773705599999,2026-03-16 23:59:59,30982870.4773800,593456,149242036,15771249.1324900
1773705600000,2026-03-17 00:00:00,0.1068600,0.1068700,0.1002600,0.1012900,114435578,1773791999999,2026-03-17 23:59:59,11754037.1826800,268861,54254693,5573620.8255800
1773792000000,2026-03-18 00:00:00,0.1012900,0.1018700,0.0941300,0.0959400,92313398,1773878399999,2026-03-18 23:59:59,9036912.1359100,214737,42702880,4178764.4542900
1773878400000,2026-03-19 00:00:00,0.0959400,0.0970100,0.0923300,0.0945500,68909554,1773964799999,2026-03-19 23:59:59,6503321.6880000,169782,35248377,3329691.1264600
1773964800000,2026-03-20 00:00:00,0.0945400,0.0979300,0.0943200,0.0967500,58998414,1774051199999,2026-03-20 23:59:59,5675136.7249400,146705,30560054,2939702.5726800
1774051200000,2026-03-21 00:00:00,0.0967600,0.0980400,0.0900200,0.0908800,57715399,1774137599999,2026-03-21 23:59:59,5455037.3065500,126232,26842723,2538072.4101300
1774137600000,2026-03-22 00:00:00,0.0908700,0.0993600,0.0894100,0.0955000,141020341,1774223999999,2026-03-22 23:59:59,13485283.2896600,295259,72033104,6891381.1025100
1774224000000,2026-03-23 00:00:00,0.0955000,0.0999500,0.0914200,0.0994000,106766765,1774310399999,2026-03-23 23:59:59,10220322.6406300,223097,54817552,5249604.8071200
1774310400000,2026-03-24 00:00:00,0.0994100,0.1015300,0.0902200,0.0931100,93530092,1774396799999,2026-03-24 23:59:59,8967367.2145600,211456,44072852,4226552.9616300
1774396800000,2026-03-25 00:00:00,0.0931200,0.0942700,0.0907900,0.0921400,65584165,1774483199999,2026-03-25 23:59:59,6068297.2679600,164943,31081004,2876179.0844000
1774483200000,2026-03-26 00:00:00,0.0921300,0.0930500,0.0863900,0.0866900,66838779,1774569599999,2026-03-26 23:59:59,5972743.8125700,142760,33862866,3027201.0979100
1774569600000,2026-03-27 00:00:00,0.0866800,0.0869600,0.0783400,0.0801100,60061885,1774655999999,2026-03-27 23:59:59,4930543.1954100,135581,29389039,2411097.3752400
1774656000000,2026-03-28 00:00:00,0.0801100,0.0835200,0.0795400,0.0799800,54014312,1774742399999,2026-03-28 23:59:59,4410403.0004500,134254,28217641,2305249.2191700
1774742400000,2026-03-29 00:00:00,0.0799800,0.0823800,0.0781900,0.0812100,42783616,1774828799999,2026-03-29 23:59:59,3433280.1965600,97013,22351761,1795394.4869500
1774828800000,2026-03-30 00:00:00,0.0812100,0.0842100,0.0790800,0.0799700,55523211,1774915199999,2026-03-30 23:59:59,4530361.8985700,119068,25258575,2063664.0627200
1774915200000,2026-03-31 00:00:00,0.0799700,0.0815000,0.0777200,0.0796300,40807402,1775001599999,2026-03-31 23:59:59,3241239.5674400,97743,20761391,1649076.3624000
1775001600000,2026-04-01 00:00:00,0.0796300,0.0811500,0.0763000,0.0797600,52299423,1775087999999,2026-04-01 23:59:59,4148184.3272100,113664,24578716,1951142.3971600
1775088000000,2026-04-02 00:00:00,0.0797600,0.0798700,0.0716700,0.0773500,81808313,1775174399999,2026-04-02 23:59:59,6107338.0220800,151624,40537110,3022324.1440700
1775174400000,2026-04-03 00:00:00,0.0773500,0.0788200,0.0746700,0.0753300,54681645,1775260799999,2026-04-03 23:59:59,4178768.9372400,99137,28101076,2148179.1448400
1775260800000,2026-04-04 00:00:00,0.0753400,0.0762000,0.0736800,0.0753400,32535737,1775347199999,2026-04-04 23:59:59,2433386.7089100,62179,16502164,1234430.8538800
1775347200000,2026-04-05 00:00:00,0.0753300,0.0778700,0.0727700,0.0752600,53355634,1775433599999,2026-04-05 23:59:59,4003908.6729800,100794,26403336,1982451.1017100
1775433600000,2026-04-06 00:00:00,0.0752400,0.0805200,0.0741600,0.0785000,90194738,1775519999999,2026-04-06 23:59:59,7064710.7699800,154177,46763215,3661687.3970500
1775520000000,2026-04-07 00:00:00,0.0784900,0.1018800,0.0783400,0.0876900,1296389379,1775606399999,2026-04-07 23:59:59,117941570.0217200,1699324,642768891,58441561.8442100
1775606400000,2026-04-08 00:00:00,0.0876900,0.0904500,0.0764900,0.0772000,219261846,1775692799999,2026-04-08 23:59:59,18352957.7321400,383676,102618643,8605989.0346000
1775692800000,2026-04-09 00:00:00,0.0772100,0.0794400,0.0760900,0.0779800,110379153,1775779199999,2026-04-09 23:59:59,8596165.7802200,214905,54665715,4257982.3057400
1775779200000,2026-04-10 00:00:00,0.0779800,0.0819900,0.0767500,0.0780200,92711326,1775865599999,2026-04-10 23:59:59,7313587.0745500,160160,48002118,3786128.5393800
1775865600000,2026-04-11 00:00:00,0.0780300,0.0802400,0.0752100,0.0776100,71854524,1775951999999,2026-04-11 23:59:59,5612941.7055300,133449,34597298,2705253.2175600
1775952000000,2026-04-12 00:00:00,0.0776200,0.0782600,0.0725600,0.0728100,53874342,1776038399999,2026-04-12 23:59:59,4017576.5749700,105008,26048527,1943126.4194500
1776038400000,2026-04-13 00:00:00,0.0728100,0.0776400,0.0724000,0.0770200,72231873,1776124799999,2026-04-13 23:59:59,5417068.9124800,128080,37620336,2822046.2633600
1776124800000,2026-04-14 00:00:00,0.0770200,0.0770700,0.0728400,0.0741500,59651020,1776211199999,2026-04-14 23:59:59,4481181.5550900,101850,28414708,2135398.2592800
1776211200000,2026-04-15 00:00:00,0.0741400,0.0765600,0.0734900,0.0759100,47587409,1776297599999,2026-04-15 23:59:59,3573950.5932100,95616,24516184,1841152.9910600
1776297600000,2026-04-16 00:00:00,0.0759100,0.0781000,0.0749600,0.0773100,55919506,1776383999999,2026-04-16 23:59:59,4267737.2815500,94424,28230888,2156642.3960200
1776384000000,2026-04-17 00:00:00,0.0773100,0.0796400,0.0756800,0.0782300,52050322,1776470399999,2026-04-17 23:59:59,4052404.9987000,101644,27730945,2159568.8816000
1776470400000,2026-04-18 00:00:00,0.0782300,0.0786200,0.0746900,0.0747700,41501170,1776556799999,2026-04-18 23:59:59,3172647.9801000,85819,20226994,1545804.2366900
1776556800000,2026-04-19 00:00:00,0.0747600,0.0747600,0.0662100,0.0670000,90572438,1776643199999,2026-04-19 23:59:59,6309775.0464400,141514,42818698,2979708.3466400
1776643200000,2026-04-20 00:00:00,0.0670000,0.0693500,0.0668400,0.0680000,45896139,1776729599999,2026-04-20 23:59:59,3132811.4185100,94337,21893908,1494905.5198900
1776729600000,2026-04-21 00:00:00,0.0680100,0.0690000,0.0665400,0.0683700,40092052,1776815999999,2026-04-21 23:59:59,2723788.8470200,90381,19561474,1329168.0635600
1776816000000,2026-04-22 00:00:00,0.0683800,0.0700000,0.0679600,0.0687300,38781305,1776902399999,2026-04-22 23:59:59,2684630.0474800,72307,19778103,1369178.1024600
1776902400000,2026-04-23 00:00:00,0.0687500,0.0749200,0.0677400,0.0745400,114389016,1776988799999,2026-04-23 23:59:59,8191992.3371700,201781,57785535,4137597.4795800
1776988800000,2026-04-24 00:00:00,0.0745500,0.0865200,0.0736600,0.0778600,441116732,1777075199999,2026-04-24 23:59:59,35664218.8936800,704309,213105266,17232713.8786900
1777075200000,2026-04-25 00:00:00,0.0778600,0.0779500,0.0702500,0.0706700,96425589,1777161599999,2026-04-25 23:59:59,7092701.0517200,168483,45561420,3351138.0299700
1777161600000,2026-04-26 00:00:00,0.0706800,0.0744600,0.0697000,0.0699500,70059954,1777247999999,2026-04-26 23:59:59,5020099.6846600,136665,34281067,2456389.1234000
1777248000000,2026-04-27 00:00:00,0.0699600,0.0723000,0.0671100,0.0682500,48124399,1777334399999,2026-04-27 23:59:59,3346540.8389200,92909,23757817,1651815.6659800
1777334400000,2026-04-28 00:00:00,0.0682500,0.0694900,0.0677300,0.0682800,34271489,1777420799999,2026-04-28 23:59:59,2343067.8063600,74667,18773669,1283767.0273400
1777420800000,2026-04-29 00:00:00,0.0682900,0.0688300,0.0669600,0.0676600,32336681,1777507199999,2026-04-29 23:59:59,2193466.1748500,70383,15738267,1068201.1312400
1777507200000,2026-04-30 00:00:00,0.0676700,0.0698300,0.0673300,0.0678800,31513308,1777593599999,2026-04-30 23:59:59,2151299.0352700,74704,16157770,1103257.2316200
1777593600000,2026-05-01 00:00:00,0.0678800,0.0688600,0.0670800,0.0676800,27848081,1777679999999,2026-05-01 23:59:59,1888421.0115200,55476,13556164,919453.2689400
1777680000000,2026-05-02 00:00:00,0.0676900,0.0682100,0.0671200,0.0680500,18315380,1777766399999,2026-05-02 23:59:59,1238103.8388300,40408,9087330,614565.0920700
1777766400000,2026-05-03 00:00:00,0.0680400,0.0686700,0.0674200,0.0679100,27535306,1777852799999,2026-05-03 23:59:59,1874532.9245600,50504,12667343,862817.2891800
1777852800000,2026-05-04 00:00:00,0.0679200,0.0688300,0.0669000,0.0680700,40135347,1777939199999,2026-05-04 23:59:59,2724381.1448600,71058,18305018,1243444.3744000
1777939200000,2026-05-05 00:00:00,0.0680800,0.0724700,0.0679100,0.0709200,64098898,1778025599999,2026-05-05 23:59:59,4504717.8203800,120618,31766719,2231531.5952900
1778025600000,2026-05-06 00:00:00,0.0709300,0.0711600,0.0691400,0.0700800,31558662,1778111999999,2026-05-06 23:59:59,2216959.6144800,80700,13789937,969664.3953500
1778112000000,2026-05-07 00:00:00,0.0700700,0.0722800,0.0693700,0.0712800,38413037,1778198399999,2026-05-07 23:59:59,2716340.7057500,82153,20107896,1422652.1877900
1778198400000,2026-05-08 00:00:00,0.0712900,0.0756900,0.0706400,0.0752200,42049230,1778284799999,2026-05-08 23:59:59,3063475.9643700,99138,21143535,1539409.6822800
1778284800000,2026-05-09 00:00:00,0.0752100,0.0765400,0.0729300,0.0734700,31806347,1778371199999,2026-05-09 23:59:59,2364758.2889100,62671,14595721,1084939.1647200
1778371200000,2026-05-10 00:00:00,0.0734600,0.0773100,0.0732000,0.0765600,56827993,1778457599999,2026-05-10 23:59:59,4292312.8988600,105706,27715182,2092722.1606000
1778457600000,2026-05-11 00:00:00,0.0765600,0.0767500,0.0738000,0.0754000,34482159,1778543999999,2026-05-11 23:59:59,2590826.5847500,78210,16264783,1222680.7199700
1778544000000,2026-05-12 00:00:00,0.0753900,0.0756000,0.0714300,0.0730800,36799330,1778630399999,2026-05-12 23:59:59,2699960.1217800,83650,17281115,1268295.4439200
1778630400000,2026-05-13 00:00:00,0.0730700,0.0762700,0.0699000,0.0712000,43963810,1778716799999,2026-05-13 23:59:59,3212041.9244600,90227,22005510,1608981.1310700
1778716800000,2026-05-14 00:00:00,0.0711900,0.0739800,0.0705900,0.0725300,36773398,1778803199999,2026-05-14 23:59:59,2652941.6753000,78222,18297136,1319018.0429700
1778803200000,2026-05-15 00:00:00,0.0725400,0.0768600,0.0713300,0.0749900,111464918,1778889599999,2026-05-15 23:59:59,8298288.1734800,184339,56966630,4243108.1460100
1778889600000,2026-05-16 00:00:00,0.0749900,0.0751400,0.0658300,0.0688600,68606493,1778975999999,2026-05-16 23:59:59,4785032.6913800,107521,30786524,2145870.1413100
1778976000000,2026-05-17 00:00:00,0.0688700,0.0691300,0.0612700,0.0643300,41067761,1779062399999,2026-05-17 23:59:59,2744790.4985300,72747,18961130,1269537.7320400
1779062400000,2026-05-18 00:00:00,0.0643200,0.0668500,0.0633100,0.0662800,39719425,1779148799999,2026-05-18 23:59:59,2568098.0204200,96436,19004054,1229703.5321000
1779148800000,2026-05-19 00:00:00,0.0662900,0.0672000,0.0626000,0.0647900,24582864,1779235199999,2026-05-19 23:59:59,1604651.4264400,54424,11188919,731198.9687100
1779235200000,2026-05-20 00:00:00,0.0648000,0.0661000,0.0641800,0.0655700,17811237,1779321599999,2026-05-20 23:59:59,1159766.4427200,48991,8729261,568477.7708800
1779321600000,2026-05-21 00:00:00,0.0655700,0.0682000,0.0651700,0.0674600,38625728,1779407999999,2026-05-21 23:59:59,2589239.8388000,69568,19478011,1305974.1479000
1779408000000,2026-05-22 00:00:00,0.0674700,0.0677600,0.0637400,0.0644800,26171925,1779494399999,2026-05-22 23:59:59,1732763.6085000,48497,12836065,850484.3986600
1779494400000,2026-05-23 00:00:00,0.0644800,0.0668000,0.0625200,0.0660600,29569530,1779580799999,2026-05-23 23:59:59,1903302.9342100,56673,14388219,926487.9573900
1779580800000,2026-05-24 00:00:00,0.0660700,0.0673200,0.0644900,0.0656700,27375483,1779667199999,2026-05-24 23:59:59,1806548.8157400,45048,12846147,848607.4293200
1779667200000,2026-05-25 00:00:00,0.0656700,0.0713800,0.0653500,0.0704900,55970049,1779753599999,2026-05-25 23:59:59,3892677.3157400,103215,27760628,1929111.4506200
1779753600000,2026-05-26 00:00:00,0.0704800,0.0713300,0.0656700,0.0673200,49901255,1779839999999,2026-05-26 23:59:59,3438588.6697700,97115,23929624,1650520.0706000
1779840000000,2026-05-27 00:00:00,0.0673200,0.0693100,0.0659100,0.0665200,33314652,1779926399999,2026-05-27 23:59:59,2262144.6196700,79622,16712380,1135609.4892200
1779926400000,2026-05-28 00:00:00,0.0665200,0.0673400,0.0627200,0.0659300,34071113,1780012799999,2026-05-28 23:59:59,2214627.2613700,95795,16671472,1083675.8707600
1780012800000,2026-05-29 00:00:00,0.0659200,0.0670200,0.0632800,0.0644500,26431690,1780099199999,2026-05-29 23:59:59,1718097.7250700,77837,13088532,851137.4171500
1780099200000,2026-05-30 00:00:00,0.0644600,0.0661200,0.0643900,0.0652900,22199506,1780185599999,2026-05-30 23:59:59,1452118.6932700,57878,11019753,721103.9189800
1780185600000,2026-05-31 00:00:00,0.0653100,0.0657600,0.0620600,0.0639500,19221091,1780271999999,2026-05-31 23:59:59,1227551.6954200,49552,8311395,530393.6086000
1780272000000,2026-06-01 00:00:00,0.0639500,0.0651500,0.0593000,0.0621100,43739062,1780358399999,2026-06-01 23:59:59,2705126.0069600,85547,21009381,1298355.6984800
1780358400000,2026-06-02 00:00:00,0.0621200,0.0622400,0.0565000,0.0577100,39497381,1780444799999,2026-06-02 23:59:59,2342503.9469100,90229,19707630,1168403.9257300
1780444800000,2026-06-03 00:00:00,0.0577200,0.0638100,0.0573700,0.0619400,51790983,1780531199999,2026-06-03 23:59:59,3166456.8548600,146155,25713270,1569559.9118400
1780531200000,2026-06-04 00:00:00,0.0619500,0.0709500,0.0560100,0.0690000,129414330,1780617599999,2026-06-04 23:59:59,8238103.0474800,254818,65007847,4146269.4539400
1780617600000,2026-06-05 00:00:00,0.0689900,0.0690300,0.0600200,0.0647700,164702522,1780703999999,2026-06-05 23:59:59,10674397.9870600,387682,80332106,5205292.5471600
1780704000000,2026-06-06 00:00:00,0.0647800,0.0666600,0.0593800,0.0659600,75334846,1780790399999,2026-06-06 23:59:59,4804489.9581900,193486,38798663,2475672.6866400
1780790400000,2026-06-07 00:00:00,0.0659600,0.0694900,0.0650700,0.0667600,54199953,1780876799999,2026-06-07 23:59:59,3634443.3830000,132146,26257231,1761327.4912300
1780876800000,2026-06-08 00:00:00,0.0667500,0.0693700,0.0650800,0.0659200,42942575,1780963199999,2026-06-08 23:59:59,2890693.3356400,94765,20425461,1374996.3716500
1780963200000,2026-06-09 00:00:00,0.0659100,0.0681400,0.0630900,0.0678100,47485783,1781049599999,2026-06-09 23:59:59,3151079.2195700,105877,24524043,1627798.0275600
1781049600000,2026-06-10 00:00:00,0.0678200,0.0705000,0.0615700,0.0635000,49335686,1781135999999,2026-06-10 23:59:59,3283595.2156300,107022,24377569,1623143.1121700
1781136000000,2026-06-11 00:00:00,0.0634900,0.0681800,0.0634600,0.0665100,36358170,1781222399999,2026-06-11 23:59:59,2400793.0641000,85771,18606189,1228482.1071600
1781222400000,2026-06-12 00:00:00,0.0665100,0.0727900,0.0647800,0.0723400,37944298,1781308799999,2026-06-12 23:59:59,2576456.9024000,78350,19432622,1321259.1240900
1781308800000,2026-06-13 00:00:00,0.0723200,0.0778200,0.0702100,0.0719800,146943183,1781395199999,2026-06-13 23:59:59,10935442.5817400,290114,72021115,5360299.0073700
1781395200000,2026-06-14 00:00:00,0.0719900,0.0737400,0.0693400,0.0720700,39346829,1781481599999,2026-06-14 23:59:59,2817338.0764900,94757,18829256,1349858.7658400
1781481600000,2026-06-15 00:00:00,0.0721100,0.0782000,0.0714200,0.0724700,46129516,1781567999999,2026-06-15 23:59:59,3468097.4711200,105309,22200842,1669524.3633600
1781568000000,2026-06-16 00:00:00,0.0724800,0.0765000,0.0709500,0.0748200,36161535,1781654399999,2026-06-16 23:59:59,2672139.4056200,78794,18236568,1348813.8647000
1781654400000,2026-06-17 00:00:00,0.0748100,0.0765000,0.0669700,0.0677200,43020876,1781740799999,2026-06-17 23:59:59,3095262.0882700,100692,20558235,1481678.8096700
1781740800000,2026-06-18 00:00:00,0.0677200,0.0701000,0.0631000,0.0635100,53249094,1781827199999,2026-06-18 23:59:59,3525533.6709900,113356,25953573,1719853.1977500
1781827200000,2026-06-19 00:00:00,0.0635100,0.0653700,0.0609600,0.0612500,42808903,1781913599999,2026-06-19 23:59:59,2688592.5926300,87970,19384520,1218988.1961100
1781913600000,2026-06-20 00:00:00,0.0612500,0.0628900,0.0594400,0.0617700,28576672,1781999999999,2026-06-20 23:59:59,1743066.2076200,63670,14529085,886897.0166900
1782000000000,2026-06-21 00:00:00,0.0617900,0.0630900,0.0606000,0.0615400,23429363,1782086399999,2026-06-21 23:59:59,1443272.6266600,51701,11954929,736888.7059500
1782086400000,2026-06-22 00:00:00,0.0615600,0.0629200,0.0590200,0.0599800,23588932,1782172799999,2026-06-22 23:59:59,1440305.6937300,53279,10043428,612845.7226800
1782172800000,2026-06-23 00:00:00,0.0599400,0.0604800,0.0578900,0.0583900,20371920,1782259199999,2026-06-23 23:59:59,1203038.5895600,53065,10337594,610796.4964700
1782259200000,2026-06-24 00:00:00,0.0583900,0.0588700,0.0552200,0.0585600,27072048,1782345599999,2026-06-24 23:59:59,1556255.9901300,54325,13088070,753280.7897000
1782345600000,2026-06-25 00:00:00,0.0585600,0.0634000,0.0560400,0.0633700,51537073,1782431999999,2026-06-25 23:59:59,3060614.0995800,76710,25625083,1522722.6779100
1782432000000,2026-06-26 00:00:00,0.0633300,0.0695800,0.0621500,0.0695400,129340668,1782518399999,2026-06-26 23:59:59,8542655.7075100,163448,64916209,4291084.5162400
1782518400000,2026-06-27 00:00:00,0.0695400,0.0702500,0.0662000,0.0665800,50280398,1782604799999,2026-06-27 23:59:59,3437489.3297400,105537,23943759,1637509.0883000
1782604800000,2026-06-28 00:00:00,0.0665800,0.0682000,0.0657000,0.0661300,21438864,1782691199999,2026-06-28 23:59:59,1437604.3563200,46863,10311675,691544.3645600
1782691200000,2026-06-29 00:00:00,0.0661300,0.0703600,0.0649300,0.0696500,36719196,1782777599999,2026-06-29 23:59:59,2474147.3181200,75750,18564977,1252206.5212500
1782777600000,2026-06-30 00:00:00,0.0696600,0.0837700,0.0663200,0.0667900,240034753,1782863999999,2026-06-30 23:59:59,18081893.7626800,417485,116484051,8788394.1288600
1782864000000,2026-07-01 00:00:00,0.0667900,0.0714300,0.0633000,0.0662100,81680423,1782950399999,2026-07-01 23:59:59,5447597.1494500,160966,39608515,2640845.8114200
1782950400000,2026-07-02 00:00:00,0.0662000,0.0695900,0.0637500,0.0680600,45270078,1783036799999,2026-07-02 23:59:59,3030934.9842100,96394,23177109,1551656.8538600
1783036800000,2026-07-03 00:00:00,0.0680900,0.0718200,0.0662000,0.0672900,45152412,1783123199999,2026-07-03 23:59:59,3103487.2626300,92914,22663841,1557184.0488900
1783123200000,2026-07-04 00:00:00,0.0672500,0.0709200,0.0664600,0.0700500,37710102,1783209599999,2026-07-04 23:59:59,2595457.4257300,74972,17944812,1235994.0250700
1783209600000,2026-07-05 00:00:00,0.0700400,0.0701100,0.0658100,0.0667900,21730497,1783295999999,2026-07-05 23:59:59,1462775.7601600,49169,10673980,717197.8530600
1783296000000,2026-07-06 00:00:00,0.0667800,0.0677600,0.0645400,0.0665600,22034269,1783382399999,2026-07-06 23:59:59,1460539.8982100,49998,10502595,696339.3134400
1783382400000,2026-07-07 00:00:00,0.0665600,0.0678000,0.0640200,0.0645300,21006201,1783468799999,2026-07-07 23:59:59,1385777.9399700,50778,10333190,682272.8843100
1783468800000,2026-07-08 00:00:00,0.0645400,0.0655200,0.0633400,0.0641900,31834094,1783555199999,2026-07-08 23:59:59,2047355.3531400,68523,15346954,987288.5092700
1783555200000,2026-07-09 00:00:00,0.0641900,0.0648400,0.0635200,0.0640900,15215197,1783641599999,2026-07-09 23:59:59,976669.7029700,40824,7536775,483882.6592000
1783641600000,2026-07-10 00:00:00,0.0641000,0.0666400,0.0634200,0.0661900,21942887,1783727999999,2026-07-10 23:59:59,1417630.1981700,49362,11112691,718310.7065600
1783728000000,2026-07-11 00:00:00,0.0661900,0.0735000,0.0659900,0.0661800,140076445,1783814399999,2026-07-11 23:59:59,9870500.6115100,256692,71619840,5046515.7276800
1783814400000,2026-07-12 00:00:00,0.0661800,0.0661800,0.0639000,0.0644400,28308855,1783900799999,2026-07-12 23:59:59,1837483.7566100,66475,12511819,812276.5753300
1783900800000,2026-07-13 00:00:00,0.0644500,0.0679500,0.0624200,0.0673300,36075431,1783987199999,2026-07-13 23:59:59,2336512.4473600,84669,18368260,1192418.7272400
1783987200000,2026-07-14 00:00:00,0.0673100,0.0723800,0.0673100,0.0703300,101786668,1784073599999,2026-07-14 23:59:59,7153987.8722200,180153,51073185,3591197.8648700
1784073600000,2026-07-15 00:00:00,0.0703300,0.0730600,0.0696600,0.0726500,36085590,1784159999999,2026-07-15 23:59:59,2567110.5645400,78630,18545699,1319656.3621700
1784160000000,2026-07-16 00:00:00,0.0726600,0.0752300,0.0708100,0.0741500,31256544,1784246399999,2026-07-16 23:59:59,2281111.7313800,77436,15578363,1137644.1904300
1784246400000,2026-07-17 00:00:00,0.0741400,0.0757600,0.0724900,0.0751500,30062368,1784332799999,2026-07-17 23:59:59,2226478.0815800,65277,14278923,1058152.6476700
1784332800000,2026-07-18 00:00:00,0.0751400,0.0752000,0.0706200,0.0713800,23686770,1784419199999,2026-07-18 23:59:59,1730686.5957500,55410,10771220,787069.8069800
1784419200000,2026-07-19 00:00:00,0.0713800,0.0731700,0.0697900,0.0700600,19203713,1784505599999,2026-07-19 23:59:59,1372236.0978300,51983,9633747,688874.4958400
1784505600000,2026-07-20 00:00:00,0.0700600,0.0732200,0.0688400,0.0718100,19970451,1784591999999,2026-07-20 23:59:59,1411788.2859500,53278,10297596,728550.6093700
1784592000000,2026-07-21 00:00:00,0.0718000,0.0722800,0.0689700,0.0704700,15134987,1784678399999,2026-07-21 23:59:59,1065344.3238500,43042,7632671,537360.0464900
1784678400000,2026-07-22 00:00:00,0.0704700,0.0732400,0.0700700,0.0730800,21300934,1784764799999,2026-07-22 23:59:59,1523183.5315500,47330,11466102,820061.9215800
1784764800000,2026-07-23 00:00:00,0.0731200,0.0744500,0.0710600,0.0716100,22671341,1784851199999,2026-07-23 23:59:59,1653051.0781600,41591,11017187,803308.3787000
1784851200000,2026-07-24 00:00:00,0.0716100,0.0773200,0.0712900,0.0744300,26484439,1784937599999,2026-07-24 23:59:59,1969289.8547200,50281,13543391,1008043.8654300
1784937600000,2026-07-25 00:00:00,0.0744300,0.0810600,0.0724200,0.0747900,83094630,1785023999999,2026-07-25 23:59:59,6431926.0856300,191177,39840270,3084614.4610600
1785024000000,2026-07-26 00:00:00,0.0747600,0.1147000,0.0730200,0.1096300,1997707926,1785110399999,2026-07-26 23:59:59,197855724.2742600,2839058,989115119,98029379.9286500
1785110400000,2026-07-27 00:00:00,0.1096200,0.1208400,0.0795500,0.0808600,1902264533,1785196799999,2026-07-27 23:59:59,192116992.4293800,3258061,931009928,94385303.0506300
1785196800000,2026-07-28 00:00:00,0.0808600,0.0813000,0.0682000,0.0687000,454023554,1785283199999,2026-07-28 23:59:59,33527721.5793200,865692,214543311,15846649.1085000
1785283200000,2026-07-29 00:00:00,0.0686900,0.0701900,0.0600700,0.0652500,617297024,1785369599999,2026-07-29 23:59:59,39560639.5296200,994364,293939591,18832493.7189100
1785369600000,2026-07-30 00:00:00,0.0652500,0.0851700,0.0584700,0.0706800,1933049761,1785455999999,2026-07-30 23:59:59,145499788.5075700,2701845,970353934,73114137.3104900
1785456000000,2026-07-31 00:00:00,0.0706700,0.0738700,0.0643900,0.0644300,441355419,1785542399999,2026-07-31 23:59:59,30374550.8569000,722181,215803256,14877577.1692000
1785542400000,2026-08-01 00:00:00,0.0644400,0.0671500,0.0633600,0.0656400,188581932,1785628799999,2026-08-01 23:59:59,12259685.6568800,354877,89241085,5804895.3854400
1785628800000,2026-08-02 00:00:00,0.0656400,0.0732200,0.0637700,0.0641100,224968519,1785715199999,2026-08-02 23:59:59,15407481.9506300,421655,111795109,7660894.4664000
1785715200000,2026-08-03 00:00:00,0.0641100,0.0685200,0.0608900,0.0637800,236272729,1785801599999,2026-08-03 23:59:59,15332252.0261700,409656,111358727,7233484.6966400
1785801600000,2026-08-04 00:00:00,0.0637700,0.0664700,0.0601700,0.0610500,166054105,1785887999999,2026-08-04 23:59:59,10331534.1324500,269911,80129077,4992249.5688300
1785888000000,2026-08-05 00:00:00,0.0610500,0.0624000,0.0598500,0.0605700,92914903,1785974399999,2026-08-05 23:59:59,5668615.6104000,160294,46434284,2834303.5440600
1785974400000,2026-08-06 00:00:00,0.0605700,0.0641700,0.0592000,0.0609800,123781567,1786060799999,2026-08-06 23:59:59,7604532.5936200,189690,61064188,3752454.1896900
1786060800000,2026-08-07 00:00:00,0.0609900,0.0768500,0.0609500,0.0672400,469454577,1786147199999,2026-08-07 23:59:59,32862273.0245200,734668,239168423,16737290.3852600
1786147200000,2026-08-08 00:00:00,0.0672400,0.0714300,0.0640700,0.0643200,165326292,1786233599999,2026-08-08 23:59:59,11037918.5200900,292911,81238400,5435791.0723800
1786233600000,2026-08-09 00:00:00,0.0643100,0.0771900,0.0625800,0.0716100,360299045,1786319999999,2026-08-09 23:59:59,25409029.2113500,624645,182423702,12873416.8599800
1786320000000,2026-08-10 00:00:00,0.0716100,0.0843500,0.0712800,0.0722900,421686918,1786406399999,2026-08-10 23:59:59,32217929.5845200,694369,212542305,16238684.2755300
1786406400000,2026-08-11 00:00:00,0.0722900,0.0736100,0.0690600,0.0712000,112432709,1786492799999,2026-08-11 23:59:59,7966283.6445000,216996,54771706,3881317.5002100
1786492800000,2026-08-12 00:00:00,0.0711900,0.0755100,0.0684000,0.0713800,147999634,1786579199999,2026-08-12 23:59:59,10657465.7724800,273226,71820809,5174730.2154300
1786579200000,2026-08-13 00:00:00,0.0713800,0.0792900,0.0713200,0.0751900,183145806,1786665599999,2026-08-13 23:59:59,13856364.4262000,316020,92695020,7014915.9871000
1786665600000,2026-08-14 00:00:00,0.0751900,0.0768800,0.0719000,0.0733700,90464914,1786751999999,2026-08-14 23:59:59,6733893.0101800,164268,45703619,3400531.7796100
1786752000000,2026-08-15 00:00:00,0.0733700,0.0750200,0.0713900,0.0723500,56889223,1786838399999,2026-08-15 23:59:59,4146827.7325500,122340,28893716,2106237.3912800
1786838400000,2026-08-16 00:00:00,0.0723500,0.0730700,0.0689700,0.0711000,49476783,1786924799999,2026-08-16 23:59:59,3500542.4789800,112795,24586292,1739631.6876000
1786924800000,2026-08-17 00:00:00,0.0711000,0.0751200,0.0698400,0.0726300,66073973,1787011199999,2026-08-17 23:59:59,4785119.4546500,135342,32314835,2340475.9460400
1787011200000,2026-08-18 00:00:00,0.0726300,0.0739300,0.0708900,0.0711200,47364090,1787097599999,2026-08-18 23:59:59,3425314.2959000,108144,22668943,1639931.0581300
1787097600000,2026-08-19 00:00:00,0.0711100,0.0814700,0.0709100,0.0793800,171832951,1787183999999,2026-08-19 23:59:59,13358223.8610300,313616,87450428,6796542.2095900
1787184000000,2026-08-20 00:00:00,0.0793800,0.0895600,0.0774600,0.0837800,127358984,1787270399999,2026-08-20 23:59:59,10736745.9104000,267136,65330139,5503651.4513300
1787270400000,2026-08-21 00:00:00,0.0837900,0.0894400,0.0828300,0.0860000,80816087,1787356799999,2026-08-21 23:59:59,6936887.3163000,175623,40513372,3477127.2649500
1787356800000,2026-08-22 00:00:00,0.0860000,0.0932300,0.0801800,0.0890100,118072553,1787443199999,2026-08-22 23:59:59,10546092.5229500,265589,58197545,5202705.0514800
