fundingTime,fundingTime_dt,fundingRate,markPrice
1599235200006,2020-09-04 16:00:00,0.00010000,
1599264000000,2020-09-05 00:00:00,0.00010000,
1599292800004,2020-09-05 08:00:00,0.00010000,
1599321600001,2020-09-05 16:00:00,0.00010000,
1599350400004,2020-09-06 00:00:00,0.00010000,
1599379200000,2020-09-06 08:00:00,-0.00108526,
1599408000000,2020-09-06 16:00:00,0.00010000,
1599436800002,2020-09-07 00:00:00,0.00010000,
1599465600004,2020-09-07 08:00:00,0.00010000,
1599494400001,2020-09-07 16:00:00,0.00010000,
1599523200007,2020-09-08 00:00:00,0.00010000,
1599552000006,2020-09-08 08:00:00,0.00010000,
1599580800014,2020-09-08 16:00:00,0.00010000,
1599609600000,2020-09-09 00:00:00,0.00010000,
1599638400000,2020-09-09 08:00:00,0.00010000,
1599667200000,2020-09-09 16:00:00,0.00010000,
1599696000000,2020-09-10 00:00:00,0.00010000,
1599724800005,2020-09-10 08:00:00,0.00010000,
1599753600000,2020-09-10 16:00:00,0.00010000,
1599782400000,2020-09-11 00:00:00,0.00010000,
1599811200008,2020-09-11 08:00:00,0.00010000,
1599840000000,2020-09-11 16:00:00,0.00010000,
1599868800008,2020-09-12 00:00:00,0.00010000,
1599897600000,2020-09-12 08:00:00,0.00010000,
1599926400008,2020-09-12 16:00:00,0.00010000,
1599955200000,2020-09-13 00:00:00,0.00010000,
1599984000000,2020-09-13 08:00:00,0.00010000,
1600012800004,2020-09-13 16:00:00,0.00010000,
1600041600003,2020-09-14 00:00:00,0.00288553,
1600070400008,2020-09-14 08:00:00,0.00059337,
1600099200000,2020-09-14 16:00:00,0.00091671,
1600128000000,2020-09-15 00:00:00,0.00152377,
1600156800010,2020-09-15 08:00:00,0.00129495,
1600185600003,2020-09-15 16:00:00,0.00060031,
1600214400014,2020-09-16 00:00:00,0.00010000,
1600243200000,2020-09-16 08:00:00,0.00010000,
1600272000001,2020-09-16 16:00:00,0.00010000,
1600300800006,2020-09-17 00:00:00,0.00010000,
1600329600012,2020-09-17 08:00:00,0.00010000,
1600358400000,2020-09-17 16:00:00,0.00010000,
1600387200001,2020-09-18 00:00:00,0.00010000,
1600416000002,2020-09-18 08:00:00,0.00010000,
1600444800002,2020-09-18 16:00:00,0.00010000,
1600473600000,2020-09-19 00:00:00,0.00010000,
1600502400005,2020-09-19 08:00:00,0.00010000,
1600531200008,2020-09-19 16:00:00,0.00010000,
1600560000002,2020-09-20 00:00:00,0.00010489,
1600588800005,2020-09-20 08:00:00,0.00010000,
1600617600005,2020-09-20 16:00:00,0.00017878,
1600646400000,2020-09-21 00:00:00,0.00015458,
1600675200001,2020-09-21 08:00:00,0.00010000,
1600704000000,2020-09-21 16:00:00,0.00010000,
1600732800001,2020-09-22 00:00:00,0.00010000,
1600761600000,2020-09-22 08:00:00,0.00010000,
1600790400004,2020-09-22 16:00:00,0.00010000,
1600819200007,2020-09-23 00:00:00,0.00010000,
1600848000001,2020-09-23 08:00:00,0.00010000,
1600876800001,2020-09-23 16:00:00,0.00010000,
1600905600000,2020-09-24 00:00:00,0.00010000,
1600934400000,2020-09-24 08:00:00,0.00010000,
1600963200000,2020-09-24 16:00:00,0.00010000,
1600992000009,2020-09-25 00:00:00,0.00010000,
1601020800045,2020-09-25 08:00:00,0.00010000,
1601049600000,2020-09-25 16:00:00,0.00010000,
1601078400000,2020-09-26 00:00:00,0.00010000,
1601107200000,2020-09-26 08:00:00,0.00010000,
1601136000005,2020-09-26 16:00:00,0.00010000,
1601164800000,2020-09-27 00:00:00,0.00010000,
1601193600000,2020-09-27 08:00:00,0.00010000,
1601222400019,2020-09-27 16:00:00,0.00010000,
1601251200001,2020-09-28 00:00:00,0.00010000,
1601280000000,2020-09-28 08:00:00,0.00010000,
1601308800002,2020-09-28 16:00:00,0.00010000,
1601337600000,2020-09-29 00:00:00,0.00010000,
1601366400000,2020-09-29 08:00:00,0.00010000,
1601395200000,2020-09-29 16:00:00,0.00010000,
1601424000005,2020-09-30 00:00:00,0.00010000,
1601452800000,2020-09-30 08:00:00,0.00010000,
1601481600000,2020-09-30 16:00:00,0.00010000,
1601510400000,2020-10-01 00:00:00,0.00010000,
1601539200000,2020-10-01 08:00:00,0.00010000,
1601568000000,2020-10-01 16:00:00,0.00010000,
1601596800011,2020-10-02 00:00:00,0.00010000,
1601625600000,2020-10-02 08:00:00,0.00010000,
1601654400005,2020-10-02 16:00:00,0.00010000,
1601683200000,2020-10-03 00:00:00,0.00010000,
1601712000001,2020-10-03 08:00:00,0.00010000,
1601740800000,2020-10-03 16:00:00,0.00010000,
1601769600000,2020-10-04 00:00:00,0.00010000,
1601798400003,2020-10-04 08:00:00,0.00010000,
1601827200001,2020-10-04 16:00:00,0.00010000,
1601856000000,2020-10-05 00:00:00,0.00010000,
1601884800000,2020-10-05 08:00:00,0.00010000,
1601913600012,2020-10-05 16:00:00,0.00010000,
1601942400000,2020-10-06 00:00:00,0.00010000,
1601971200005,2020-10-06 08:00:00,0.00010000,
1602000000000,2020-10-06 16:00:00,0.00010000,
1602028800000,2020-10-07 00:00:00,0.00010000,
1602057600000,2020-10-07 08:00:00,0.00010000,
1602086400000,2020-10-07 16:00:00,0.00010000,
1602115200000,2020-10-08 00:00:00,0.00010000,
1602144000009,2020-10-08 08:00:00,0.00010000,
1602172800003,2020-10-08 16:00:00,0.00010000,
1602201600001,2020-10-09 00:00:00,0.00010000,
1602230400000,2020-10-09 08:00:00,0.00010000,
1602259200004,2020-10-09 16:00:00,0.00010000,
1602288000005,2020-10-10 00:00:00,0.00010000,
1602316800000,2020-10-10 08:00:00,0.00010000,
1602345600011,2020-10-10 16:00:00,0.00010000,
1602374400002,2020-10-11 00:00:00,0.00010000,
1602403200003,2020-10-11 08:00:00,0.00010000,
1602432000004,2020-10-11 16:00:00,0.00010000,
1602460800001,2020-10-12 00:00:00,0.00010000,
1602489600000,2020-10-12 08:00:00,0.00010000,
1602518400011,2020-10-12 16:00:00,0.00010000,
1602547200003,2020-10-13 00:00:00,0.00010000,
1602576000000,2020-10-13 08:00:00,0.00010000,
1602604800001,2020-10-13 16:00:00,0.00010000,
1602633600001,2020-10-14 00:00:00,0.00010000,
1602662400000,2020-10-14 08:00:00,0.00010000,
1602691200001,2020-10-14 16:00:00,0.00010000,
1602720000000,2020-10-15 00:00:00,0.00010000,
1602748800000,2020-10-15 08:00:00,0.00010000,
1602777600000,2020-10-15 16:00:00,0.00010000,
1602806400002,2020-10-16 00:00:00,0.00010000,
1602835200003,2020-10-16 08:00:00,0.00010000,
1602864000000,2020-10-16 16:00:00,0.00010000,
1602892800006,2020-10-17 00:00:00,0.00010000,
1602921600007,2020-10-17 08:00:00,0.00010000,
1602950400009,2020-10-17 16:00:00,0.00010000,
1602979200006,2020-10-18 00:00:00,0.00010000,
1603008000000,2020-10-18 08:00:00,0.00010000,
1603036800000,2020-10-18 16:00:00,0.00010000,
1603065600000,2020-10-19 00:00:00,0.00010000,
1603094400000,2020-10-19 08:00:00,0.00010000,
1603123200000,2020-10-19 16:00:00,0.00010000,
1603152000015,2020-10-20 00:00:00,0.00010000,
1603180800000,2020-10-20 08:00:00,0.00010000,
1603209600008,2020-10-20 16:00:00,0.00010000,
1603238400009,2020-10-21 00:00:00,0.00010000,
1603267200004,2020-10-21 08:00:00,0.00010000,
1603296000000,2020-10-21 16:00:00,0.00010000,
1603324800000,2020-10-22 00:00:00,0.00010000,
1603353600000,2020-10-22 08:00:00,0.00010000,
1603382400004,2020-10-22 16:00:00,0.00010000,
1603411200007,2020-10-23 00:00:00,0.00010000,
1603440000000,2020-10-23 08:00:00,0.00010000,
1603468800000,2020-10-23 16:00:00,0.00010000,
1603497600000,2020-10-24 00:00:00,0.00010000,
1603526400000,2020-10-24 08:00:00,0.00010000,
1603555200008,2020-10-24 16:00:00,0.00010000,
1603584000005,2020-10-25 00:00:00,0.00010000,
1603612800014,2020-10-25 08:00:00,0.00010000,
1603641600000,2020-10-25 16:00:00,0.00010000,
1603670400004,2020-10-26 00:00:00,0.00010000,
1603699200000,2020-10-26 08:00:00,0.00010000,
1603728000000,2020-10-26 16:00:00,0.00010000,
1603756800000,2020-10-27 00:00:00,0.00010000,
1603785600000,2020-10-27 08:00:00,0.00010000,
1603814400000,2020-10-27 16:00:00,-0.00008973,
1603843200000,2020-10-28 00:00:00,0.00010000,
1603872000006,2020-10-28 08:00:00,0.00010000,
1603900800001,2020-10-28 16:00:00,0.00010000,
1603929600000,2020-10-29 00:00:00,-0.00014800,
1603958400000,2020-10-29 08:00:00,0.00010000,
1603987200000,2020-10-29 16:00:00,0.00010000,
1604016000000,2020-10-30 00:00:00,0.00010000,
1604044800002,2020-10-30 08:00:00,0.00010000,
1604073600002,2020-10-30 16:00:00,0.00010000,
1604102400003,2020-10-31 00:00:00,0.00010000,
1604131200000,2020-10-31 08:00:00,0.00010000,
1604160000000,2020-10-31 16:00:00,0.00010000,
1604188800000,2020-11-01 00:00:00,0.00010000,
1604217600000,2020-11-01 08:00:00,0.00010000,
1604246400000,2020-11-01 16:00:00,0.00010000,
1604275200000,2020-11-02 00:00:00,0.00010000,
1604304000010,2020-11-02 08:00:00,0.00010000,
1604332800000,2020-11-02 16:00:00,0.00010000,
1604361600000,2020-11-03 00:00:00,0.00010000,
1604390400004,2020-11-03 08:00:00,0.00010000,
1604419200009,2020-11-03 16:00:00,0.00010000,
1604448000000,2020-11-04 00:00:00,0.00010000,
1604476800000,2020-11-04 08:00:00,0.00010000,
1604505600005,2020-11-04 16:00:00,0.00010000,
1604534400017,2020-11-05 00:00:00,0.00010000,
1604563200001,2020-11-05 08:00:00,0.00010000,
1604592000000,2020-11-05 16:00:00,0.00010000,
1604620800000,2020-11-06 00:00:00,0.00010000,
1604649600001,2020-11-06 08:00:00,0.00010000,
1604678400001,2020-11-06 16:00:00,0.00010000,
1604707200001,2020-11-07 00:00:00,0.00010000,
1604736000000,2020-11-07 08:00:00,0.00085819,
1604764800006,2020-11-07 16:00:00,0.00023094,
1604793600000,2020-11-08 00:00:00,0.00010000,
1604822400000,2020-11-08 08:00:00,0.00010000,
1604851200000,2020-11-08 16:00:00,0.00024714,
1604880000007,2020-11-09 00:00:00,0.00010000,
1604908800001,2020-11-09 08:00:00,0.00010000,
1604937600002,2020-11-09 16:00:00,0.00010000,
1604966400003,2020-11-10 00:00:00,0.00010000,
1604995200011,2020-11-10 08:00:00,0.00010000,
1605024000000,2020-11-10 16:00:00,0.00016854,
1605052800000,2020-11-11 00:00:00,0.00027173,
1605081600009,2020-11-11 08:00:00,0.00023914,
1605110400003,2020-11-11 16:00:00,0.00017298,
1605139200001,2020-11-12 00:00:00,0.00010000,
1605168000001,2020-11-12 08:00:00,0.00010000,
1605196800000,2020-11-12 16:00:00,0.00010000,
1605225600000,2020-11-13 00:00:00,0.00010000,
1605254400000,2020-11-13 08:00:00,0.00029866,
1605283200000,2020-11-13 16:00:00,0.00017066,
1605312000005,2020-11-14 00:00:00,0.00010000,
1605340800004,2020-11-14 08:00:00,0.00010000,
1605369600001,2020-11-14 16:00:00,0.00027282,
1605398400001,2020-11-15 00:00:00,0.00010000,
1605427200000,2020-11-15 08:00:00,0.00118128,
1605456000003,2020-11-15 16:00:00,0.00125326,
1605484800000,2020-11-16 00:00:00,0.00074079,
1605513600010,2020-11-16 08:00:00,0.00101188,
1605542400001,2020-11-16 16:00:00,0.00082179,
1605571200002,2020-11-17 00:00:00,0.00071936,
1605600000003,2020-11-17 08:00:00,0.00065844,
1605628800003,2020-11-17 16:00:00,0.00115224,
1605657600005,2020-11-18 00:00:00,0.00168218,
1605686400006,2020-11-18 08:00:00,0.00085002,
1605715200000,2020-11-18 16:00:00,0.00093730,
1605744000008,2020-11-19 00:00:00,0.00090025,
1605772800000,2020-11-19 08:00:00,0.00065227,
1605801600001,2020-11-19 16:00:00,0.00081369,
1605830400003,2020-11-20 00:00:00,0.00029573,
1605859200005,2020-11-20 08:00:00,0.00178138,
1605888000000,2020-11-20 16:00:00,0.00194372,
1605916800000,2020-11-21 00:00:00,0.00072283,
1605945600000,2020-11-21 08:00:00,0.00176779,
1605974400001,2020-11-21 16:00:00,0.00258106,
1606003200005,2020-11-22 00:00:00,0.00117037,
1606032000000,2020-11-22 08:00:00,0.00147854,
1606060800000,2020-11-22 16:00:00,0.00138305,
1606089600005,2020-11-23 00:00:00,0.00232249,
1606118400000,2020-11-23 08:00:00,0.00091623,
1606147200003,2020-11-23 16:00:00,0.00310613,
1606176000000,2020-11-24 00:00:00,0.00130060,
1606204800000,2020-11-24 08:00:00,0.00345452,
1606233600005,2020-11-24 16:00:00,0.00179876,
1606262400005,2020-11-25 00:00:00,0.00196260,
1606291200005,2020-11-25 08:00:00,0.00237214,
1606320000015,2020-11-25 16:00:00,0.00197285,
1606348800012,2020-11-26 00:00:00,0.00105136,
1606377600002,2020-11-26 08:00:00,0.00010000,
1606406400001,2020-11-26 16:00:00,0.00010000,
1606435200001,2020-11-27 00:00:00,0.00032191,
1606464000000,2020-11-27 08:00:00,0.00010000,
1606492800007,2020-11-27 16:00:00,0.00010000,
1606521600007,2020-11-28 00:00:00,0.00010000,
1606550400012,2020-11-28 08:00:00,0.00010000,
1606579200000,2020-11-28 16:00:00,0.00070909,
1606608000007,2020-11-29 00:00:00,0.00030182,
1606636800000,2020-11-29 08:00:00,0.00049307,
1606665600000,2020-11-29 16:00:00,0.00010000,
1606694400004,2020-11-30 00:00:00,0.00010000,
1606723200007,2020-11-30 08:00:00,0.00096649,
1606752000000,2020-11-30 16:00:00,0.00055297,
1606780800000,2020-12-01 00:00:00,0.00074070,
1606809600003,2020-12-01 08:00:00,0.00132118,
1606838400000,2020-12-01 16:00:00,0.00078491,
1606867200001,2020-12-02 00:00:00,0.00018787,
1606896000011,2020-12-02 08:00:00,0.00025275,
1606924800005,2020-12-02 16:00:00,0.00091583,
1606953600001,2020-12-03 00:00:00,0.00021239,
1606982400031,2020-12-03 08:00:00,0.00064523,
1607011200000,2020-12-03 16:00:00,0.00059116,
1607040000006,2020-12-04 00:00:00,0.00010000,
1607068800009,2020-12-04 08:00:00,0.00010000,
1607097600000,2020-12-04 16:00:00,0.00026386,
1607126400000,2020-12-05 00:00:00,0.00072631,
1607155200000,2020-12-05 08:00:00,0.00010000,
1607184000000,2020-12-05 16:00:00,0.00038371,
1607212800004,2020-12-06 00:00:00,0.00081808,
1607241600000,2020-12-06 08:00:00,0.00020746,
1607270400001,2020-12-06 16:00:00,0.00044952,
1607299200000,2020-12-07 00:00:00,0.00066781,
1607328000008,2020-12-07 08:00:00,0.00066753,
1607356800000,2020-12-07 16:00:00,0.00066013,
1607385600003,2020-12-08 00:00:00,0.00052360,
1607414400003,2020-12-08 08:00:00,0.00015631,
1607443200033,2020-12-08 16:00:00,0.00020315,
1607472000000,2020-12-09 00:00:00,0.00010000,
1607500800010,2020-12-09 08:00:00,0.00041232,
1607529600000,2020-12-09 16:00:00,0.00010000,
1607558400000,2020-12-10 00:00:00,0.00010000,
1607587200000,2020-12-10 08:00:00,0.00010000,
1607616000007,2020-12-10 16:00:00,0.00010000,
1607644800000,2020-12-11 00:00:00,0.00010000,
1607673600016,2020-12-11 08:00:00,0.00010000,
1607702400010,2020-12-11 16:00:00,0.00012958,
1607731200009,2020-12-12 00:00:00,0.00010000,
1607760000002,2020-12-12 08:00:00,0.00010000,
1607788800000,2020-12-12 16:00:00,0.00049886,
1607817600007,2020-12-13 00:00:00,0.00032510,
1607846400000,2020-12-13 08:00:00,0.00056647,
1607875200000,2020-12-13 16:00:00,0.00026622,
1607904000000,2020-12-14 00:00:00,0.00042105,
1607932800000,2020-12-14 08:00:00,0.00057649,
1607961600000,2020-12-14 16:00:00,0.00051629,
1607990400006,2020-12-15 00:00:00,0.00053071,
1608019200001,2020-12-15 08:00:00,0.00017514,
1608048000000,2020-12-15 16:00:00,0.00039834,
1608076800001,2020-12-16 00:00:00,0.00034636,
1608105600000,2020-12-16 08:00:00,0.00037973,
1608134400000,2020-12-16 16:00:00,0.00097661,
1608163200000,2020-12-17 00:00:00,0.00026890,
1608192000000,2020-12-17 08:00:00,0.00051638,
1608220800011,2020-12-17 16:00:00,0.00190554,
1608249600000,2020-12-18 00:00:00,0.00114822,
1608278400000,2020-12-18 08:00:00,0.00107993,
1608307200000,2020-12-18 16:00:00,0.00081393,
1608336000000,2020-12-19 00:00:00,0.00030011,
1608364800018,2020-12-19 08:00:00,0.00101319,
1608393600000,2020-12-19 16:00:00,0.00058738,
1608422400001,2020-12-20 00:00:00,0.00094047,
1608451200011,2020-12-20 08:00:00,0.00108817,
1608480000023,2020-12-20 16:00:00,0.00086194,
1608508800011,2020-12-21 00:00:00,0.00054406,
1608537600000,2020-12-21 08:00:00,0.00010000,
1608566400000,2020-12-21 16:00:00,-0.00396240,
1608595200001,2020-12-22 00:00:00,0.00100070,
1608624000006,2020-12-22 08:00:00,0.00046969,
1608652800000,2020-12-22 16:00:00,0.00019748,
1608681600000,2020-12-23 00:00:00,0.00031538,
1608710400000,2020-12-23 08:00:00,0.00014336,
1608739200000,2020-12-23 16:00:00,0.00010000,
1608768000012,2020-12-24 00:00:00,0.00010000,
1608796800009,2020-12-24 08:00:00,0.00010000,
1608825600001,2020-12-24 16:00:00,0.00010000,
1608854400000,2020-12-25 00:00:00,-0.00005681,
1608883200000,2020-12-25 08:00:00,0.00010000,
1608912000000,2020-12-25 16:00:00,0.00010000,
1608940800009,2020-12-26 00:00:00,0.00010000,
1608969600001,2020-12-26 08:00:00,0.00010000,
1608998400006,2020-12-26 16:00:00,0.00010000,
1609027200000,2020-12-27 00:00:00,0.00015535,
1609056000000,2020-12-27 08:00:00,0.00039537,
1609084800001,2020-12-27 16:00:00,0.00013270,
1609113600015,2020-12-28 00:00:00,0.00026694,
1609142400019,2020-12-28 08:00:00,0.00038634,
1609171200000,2020-12-28 16:00:00,0.00022835,
1609200000004,2020-12-29 00:00:00,0.00053465,
1609228800003,2020-12-29 08:00:00,0.00029930,
1609257600000,2020-12-29 16:00:00,0.00035259,
1609286400001,2020-12-30 00:00:00,0.00037568,
1609315200001,2020-12-30 08:00:00,0.00033378,
1609344000012,2020-12-30 16:00:00,0.00048376,
1609372800009,2020-12-31 00:00:00,0.00048103,
1609401600000,2020-12-31 08:00:00,0.00071143,
1609430400010,2020-12-31 16:00:00,0.00034112,
1609459200002,2021-01-01 00:00:00,0.00064830,
1609488000006,2021-01-01 08:00:00,0.00057784,
1609516800003,2021-01-01 16:00:00,0.00038296,
1609545600000,2021-01-02 00:00:00,0.00012101,
1609574400000,2021-01-02 08:00:00,0.00025722,
1609603200006,2021-01-02 16:00:00,0.00120029,
1609632000018,2021-01-03 00:00:00,0.00108667,
1609660800000,2021-01-03 08:00:00,0.00130700,
1609689600002,2021-01-03 16:00:00,0.00174928,
1609718400000,2021-01-04 00:00:00,0.00212378,
1609747200000,2021-01-04 08:00:00,0.00376726,
1609776000000,2021-01-04 16:00:00,0.00165083,
1609804800020,2021-01-05 00:00:00,0.00165000,
1609833600003,2021-01-05 08:00:00,0.00062628,
1609862400003,2021-01-05 16:00:00,0.00049030,
1609891200010,2021-01-06 00:00:00,0.00161238,
1609920000003,2021-01-06 08:00:00,0.00156952,
1609948800000,2021-01-06 16:00:00,0.00296932,
1609977600007,2021-01-07 00:00:00,0.00173358,
1610006400000,2021-01-07 08:00:00,0.00322587,
1610035200004,2021-01-07 16:00:00,0.00301039,
1610064000000,2021-01-08 00:00:00,0.00120495,
1610092800000,2021-01-08 08:00:00,0.00053855,
1610121600000,2021-01-08 16:00:00,0.00068245,
1610150400009,2021-01-09 00:00:00,0.00096387,
1610179200004,2021-01-09 08:00:00,0.00073877,
1610208000000,2021-01-09 16:00:00,0.00179539,
1610236800000,2021-01-10 00:00:00,0.00220088,
1610265600005,2021-01-10 08:00:00,0.00255837,
1610294400000,2021-01-10 16:00:00,0.00131738,
1610323200000,2021-01-11 00:00:00,0.00074919,
1610352000012,2021-01-11 08:00:00,0.00070553,
1610380800000,2021-01-11 16:00:00,0.00010000,
1610409600000,2021-01-12 00:00:00,0.00010000,
1610438400000,2021-01-12 08:00:00,0.00010000,
1610467200008,2021-01-12 16:00:00,0.00010000,
1610496000001,2021-01-13 00:00:00,0.00010000,
1610524800000,2021-01-13 08:00:00,0.00010000,
1610553600003,2021-01-13 16:00:00,0.00019524,
1610582400000,2021-01-14 00:00:00,0.00010000,
1610611200012,2021-01-14 08:00:00,0.00010000,
1610640000000,2021-01-14 16:00:00,0.00035318,
1610668800002,2021-01-15 00:00:00,0.00017523,
1610697600000,2021-01-15 08:00:00,0.00076267,
1610726400004,2021-01-15 16:00:00,0.00128978,
1610755200000,2021-01-16 00:00:00,0.00036051,
1610784000008,2021-01-16 08:00:00,0.00059413,
1610812800000,2021-01-16 16:00:00,0.00055949,
1610841600009,2021-01-17 00:00:00,0.00073212,
1610870400000,2021-01-17 08:00:00,0.00073358,
1610899200001,2021-01-17 16:00:00,0.00054238,
1610928000000,2021-01-18 00:00:00,0.00057315,
1610956800004,2021-01-18 08:00:00,0.00061314,
1610985600000,2021-01-18 16:00:00,0.00128934,
1611014400000,2021-01-19 00:00:00,0.00143643,
1611043200005,2021-01-19 08:00:00,0.00147674,
1611072000012,2021-01-19 16:00:00,0.00246709,
1611100800012,2021-01-20 00:00:00,0.00083890,
1611129600001,2021-01-20 08:00:00,0.00030981,
1611158400001,2021-01-20 16:00:00,0.00010963,
1611187200000,2021-01-21 00:00:00,0.00010000,
1611216000000,2021-01-21 08:00:00,0.00010000,
1611244800004,2021-01-21 16:00:00,0.00010000,
1611273600012,2021-01-22 00:00:00,0.00010000,
1611302400003,2021-01-22 08:00:00,0.00010000,
1611331200001,2021-01-22 16:00:00,0.00010000,
1611360000000,2021-01-23 00:00:00,0.00010000,
1611388800002,2021-01-23 08:00:00,0.00015857,
1611417600000,2021-01-23 16:00:00,0.00010000,
1611446400001,2021-01-24 00:00:00,0.00012704,
1611475200011,2021-01-24 08:00:00,0.00064811,
1611504000005,2021-01-24 16:00:00,0.00135732,
1611532800007,2021-01-25 00:00:00,0.00054988,
1611561600012,2021-01-25 08:00:00,0.00087434,
1611590400000,2021-01-25 16:00:00,0.00152114,
1611619200007,2021-01-26 00:00:00,0.00069067,
1611648000000,2021-01-26 08:00:00,0.00079743,
1611676800000,2021-01-26 16:00:00,0.00034025,
1611705600000,2021-01-27 00:00:00,0.00010000,
1611734400011,2021-01-27 08:00:00,0.00032775,
1611763200003,2021-01-27 16:00:00,0.00010000,
1611792000000,2021-01-28 00:00:00,0.00026175,
1611820800000,2021-01-28 08:00:00,0.00048737,
1611849600000,2021-01-28 16:00:00,0.00064309,
1611878400009,2021-01-29 00:00:00,0.00051880,
1611907200000,2021-01-29 08:00:00,0.00160219,
1611936000000,2021-01-29 16:00:00,0.00279828,
1611964800000,2021-01-30 00:00:00,0.00135927,
1611993600000,2021-01-30 08:00:00,0.00059659,
1612022400000,2021-01-30 16:00:00,0.00122662,
1612051200009,2021-01-31 00:00:00,0.00151906,
1612080000000,2021-01-31 08:00:00,0.00070449,
1612108800000,2021-01-31 16:00:00,0.00139070,
1612137600001,2021-02-01 00:00:00,0.00077018,
1612166400014,2021-02-01 08:00:00,0.00150100,
1612195200000,2021-02-01 16:00:00,0.00133308,
1612224000000,2021-02-02 00:00:00,0.00077439,
1612252800006,2021-02-02 08:00:00,0.00096757,
1612281600000,2021-02-02 16:00:00,0.00118869,
1612310400009,2021-02-03 00:00:00,0.00195852,
1612339200006,2021-02-03 08:00:00,0.00237979,
1612368000006,2021-02-03 16:00:00,0.00329200,
1612396800005,2021-02-04 00:00:00,0.00327090,
1612425600000,2021-02-04 08:00:00,0.00306304,
1612454400011,2021-02-04 16:00:00,0.00130760,
1612483200009,2021-02-05 00:00:00,0.00231945,
1612512000004,2021-02-05 08:00:00,0.00396708,
1612540800000,2021-02-05 16:00:00,0.00428954,
1612569600008,2021-02-06 00:00:00,0.00116756,
1612598400009,2021-02-06 08:00:00,0.00133537,
1612627200000,2021-02-06 16:00:00,0.00220661,
1612656000000,2021-02-07 00:00:00,0.00255778,
1612684800005,2021-02-07 08:00:00,0.00101668,
1612713600001,2021-02-07 16:00:00,0.00141195,
1612742400000,2021-02-08 00:00:00,0.00077954,
1612771200001,2021-02-08 08:00:00,0.00064902,
1612800000000,2021-02-08 16:00:00,0.00343735,
1612828800010,2021-02-09 00:00:00,0.00325606,
1612857600006,2021-02-09 08:00:00,0.00320464,
1612886400007,2021-02-09 16:00:00,0.00320664,
1612915200009,2021-02-10 00:00:00,0.00410681,
1612944000014,2021-02-10 08:00:00,0.00487719,
1612972800005,2021-02-10 16:00:00,0.00252648,
1613001600000,2021-02-11 00:00:00,0.00082704,
1613030400000,2021-02-11 08:00:00,0.00387924,
1613059200000,2021-02-11 16:00:00,0.00271585,
1613088000000,2021-02-12 00:00:00,0.00293905,
1613116800000,2021-02-12 08:00:00,0.00287423,
1613145600000,2021-02-12 16:00:00,0.00454423,
1613174400001,2021-02-13 00:00:00,0.00624505,
1613203200003,2021-02-13 08:00:00,0.00597319,
1613232000000,2021-02-13 16:00:00,0.00202871,
1613260800013,2021-02-14 00:00:00,0.00342263,
1613289600000,2021-02-14 08:00:00,0.00395774,
1613318400008,2021-02-14 16:00:00,0.00344720,
1613347200000,2021-02-15 00:00:00,0.00194551,
1613376000006,2021-02-15 08:00:00,0.00014918,
1613404800000,2021-02-15 16:00:00,0.00022896,
1613433600001,2021-02-16 00:00:00,0.00043945,
1613462400000,2021-02-16 08:00:00,0.00068997,
1613491200010,2021-02-16 16:00:00,0.00090927,
1613520000005,2021-02-17 00:00:00,0.00017291,
1613548800010,2021-02-17 08:00:00,0.00084410,
1613577600008,2021-02-17 16:00:00,0.00190800,
1613606400012,2021-02-18 00:00:00,0.00217685,
1613635200000,2021-02-18 08:00:00,0.00202127,
1613664000009,2021-02-18 16:00:00,0.00242733,
1613692800010,2021-02-19 00:00:00,0.00277151,
1613721600002,2021-02-19 08:00:00,0.00215784,
1613750400008,2021-02-19 16:00:00,0.00428619,
1613779200000,2021-02-20 00:00:00,0.00326820,
1613808000009,2021-02-20 08:00:00,0.00453853,
1613836800000,2021-02-20 16:00:00,0.00455901,
1613865600007,2021-02-21 00:00:00,0.00076413,
1613894400012,2021-02-21 08:00:00,0.00071049,
1613923200001,2021-02-21 16:00:00,0.00062030,
1613952000006,2021-02-22 00:00:00,0.00163943,
1613980800002,2021-02-22 08:00:00,0.00038216,
1614009600000,2021-02-22 16:00:00,0.00010000,
1614038400000,2021-02-23 00:00:00,0.00010000,
1614067200006,2021-02-23 08:00:00,0.00010000,
1614096000000,2021-02-23 16:00:00,0.00010000,
1614124800012,2021-02-24 00:00:00,0.00010000,
1614153600016,2021-02-24 08:00:00,0.00010000,
1614182400011,2021-02-24 16:00:00,0.00010000,
1614211200007,2021-02-25 00:00:00,0.00010000,
1614240000000,2021-02-25 08:00:00,0.00010000,
1614268800010,2021-02-25 16:00:00,0.00010000,
1614297600000,2021-02-26 00:00:00,0.00010000,
1614326400025,2021-02-26 08:00:00,0.00010000,
1614355200010,2021-02-26 16:00:00,0.00010000,
1614384000001,2021-02-27 00:00:00,0.00010000,
1614412800000,2021-02-27 08:00:00,0.00010000,
1614441600000,2021-02-27 16:00:00,0.00010000,
1614470400021,2021-02-28 00:00:00,0.00010000,
1614499200009,2021-02-28 08:00:00,0.00010000,
1614528000000,2021-02-28 16:00:00,0.00010000,
1614556800000,2021-03-01 00:00:00,0.00010000,
1614585600003,2021-03-01 08:00:00,0.00010000,
1614614400001,2021-03-01 16:00:00,0.00010000,
1614643200000,2021-03-02 00:00:00,0.00010000,
1614672000000,2021-03-02 08:00:00,0.00013909,
1614700800004,2021-03-02 16:00:00,0.00010000,
1614729600000,2021-03-03 00:00:00,0.00010000,
1614758400016,2021-03-03 08:00:00,0.00010000,
1614787200000,2021-03-03 16:00:00,0.00010000,
1614816000000,2021-03-04 00:00:00,0.00010000,
1614844800015,2021-03-04 08:00:00,0.00026227,
1614873600001,2021-03-04 16:00:00,0.00057375,
1614902400000,2021-03-05 00:00:00,0.00020262,
1614931200002,2021-03-05 08:00:00,0.00010000,
1614960000008,2021-03-05 16:00:00,0.00010000,
1614988800000,2021-03-06 00:00:00,0.00010000,
1615017600000,2021-03-06 08:00:00,0.00010000,
1615046400000,2021-03-06 16:00:00,0.00015352,
1615075200006,2021-03-07 00:00:00,0.00010000,
1615104000005,2021-03-07 08:00:00,0.00010000,
1615132800008,2021-03-07 16:00:00,0.00010000,
1615161600000,2021-03-08 00:00:00,0.00010000,
1615190400000,2021-03-08 08:00:00,0.00020298,
1615219200006,2021-03-08 16:00:00,0.00040838,
1615248000000,2021-03-09 00:00:00,0.00138645,
1615276800000,2021-03-09 08:00:00,0.00110124,
1615305600000,2021-03-09 16:00:00,0.00136598,
1615334400009,2021-03-10 00:00:00,0.00121430,
1615363200006,2021-03-10 08:00:00,0.00090677,
1615392000008,2021-03-10 16:00:00,0.00136053,
1615420800000,2021-03-11 00:00:00,0.00061374,
1615449600000,2021-03-11 08:00:00,0.00089005,
1615478400014,2021-03-11 16:00:00,0.00061248,
1615507200002,2021-03-12 00:00:00,0.00170792,
1615536000005,2021-03-12 08:00:00,0.00151978,
1615564800011,2021-03-12 16:00:00,0.00097953,
1615593600000,2021-03-13 00:00:00,0.00065126,
1615622400002,2021-03-13 08:00:00,0.00050566,
1615651200000,2021-03-13 16:00:00,0.00063034,
1615680000011,2021-03-14 00:00:00,0.00151758,
1615708800000,2021-03-14 08:00:00,0.00109667,
1615737600000,2021-03-14 16:00:00,0.00121752,
1615766400012,2021-03-15 00:00:00,0.00111367,
1615795200016,2021-03-15 08:00:00,0.00097903,
1615824000030,2021-03-15 16:00:00,0.00044043,
1615852800005,2021-03-16 00:00:00,0.00032049,
1615881600008,2021-03-16 08:00:00,0.00010000,
1615910400012,2021-03-16 16:00:00,0.00010000,
1615939200010,2021-03-17 00:00:00,0.00010000,
1615968000000,2021-03-17 08:00:00,0.00144699,
1615996800009,2021-03-17 16:00:00,0.00070529,
1616025600001,2021-03-18 00:00:00,0.00075829,
1616054400000,2021-03-18 08:00:00,0.00101681,
1616083200000,2021-03-18 16:00:00,0.00239898,
1616112000011,2021-03-19 00:00:00,0.00134116,
1616140800001,2021-03-19 08:00:00,0.00062481,
1616169600000,2021-03-19 16:00:00,0.00165474,
1616198400000,2021-03-20 00:00:00,0.00188628,
1616227200000,2021-03-20 08:00:00,0.00192457,
1616256000007,2021-03-20 16:00:00,0.00218837,
1616284800000,2021-03-21 00:00:00,0.00181869,
1616313600000,2021-03-21 08:00:00,0.00114456,
1616342400000,2021-03-21 16:00:00,0.00091777,
1616371200007,2021-03-22 00:00:00,0.00146845,
1616400000001,2021-03-22 08:00:00,0.00128338,
1616428800000,2021-03-22 16:00:00,0.00173132,
1616457600000,2021-03-23 00:00:00,0.00090670,
1616486400010,2021-03-23 08:00:00,0.00071594,
1616515200023,2021-03-23 16:00:00,0.00030649,
1616544000002,2021-03-24 00:00:00,0.00010000,
1616572800000,2021-03-24 08:00:00,0.00010000,
1616601600000,2021-03-24 16:00:00,0.00092809,
1616630400000,2021-03-25 00:00:00,0.00010000,
1616659200000,2021-03-25 08:00:00,0.00010000,
1616688000000,2021-03-25 16:00:00,0.00010000,
1616716800008,2021-03-26 00:00:00,0.00010000,
1616745600000,2021-03-26 08:00:00,0.00010000,
1616774400012,2021-03-26 16:00:00,0.00010000,
1616803200018,2021-03-27 00:00:00,0.00010931,
1616832000000,2021-03-27 08:00:00,0.00023566,
1616860800001,2021-03-27 16:00:00,0.00024773,
1616889600000,2021-03-28 00:00:00,0.00010000,
1616918400000,2021-03-28 08:00:00,0.00103599,
1616947200005,2021-03-28 16:00:00,0.00117809,
1616976000003,2021-03-29 00:00:00,0.00042753,
1617004800000,2021-03-29 08:00:00,0.00077416,
1617033600000,2021-03-29 16:00:00,0.00099861,
1617062400018,2021-03-30 00:00:00,0.00026652,
1617091200012,2021-03-30 08:00:00,0.00096517,
1617120000001,2021-03-30 16:00:00,0.00126926,
1617148800000,2021-03-31 00:00:00,0.00070127,
1617177600000,2021-03-31 08:00:00,0.00169676,
1617206400000,2021-03-31 16:00:00,0.00051090,
1617235200025,2021-04-01 00:00:00,0.00159130,
1617264000011,2021-04-01 08:00:00,0.00167958,
1617292800004,2021-04-01 16:00:00,0.00237332,
1617321600000,2021-04-02 00:00:00,0.00158940,
1617350400000,2021-04-02 08:00:00,0.00253879,
1617379200000,2021-04-02 16:00:00,0.00220062,
1617408000003,2021-04-03 00:00:00,0.00191638,
1617436800000,2021-04-03 08:00:00,0.00249331,
1617465600000,2021-04-03 16:00:00,0.00287507,
1617494400000,2021-04-04 00:00:00,0.00061275,
1617523200000,2021-04-04 08:00:00,0.00010000,
1617552000016,2021-04-04 16:00:00,0.00101160,
1617580800000,2021-04-05 00:00:00,0.00047508,
1617609600001,2021-04-05 08:00:00,0.00146294,
1617638400001,2021-04-05 16:00:00,0.00166284,
1617667200010,2021-04-06 00:00:00,0.00262321,
1617696000000,2021-04-06 08:00:00,0.00284218,
1617724800003,2021-04-06 16:00:00,0.00186173,
1617753600000,2021-04-07 00:00:00,0.00120834,
1617782400006,2021-04-07 08:00:00,0.00117330,
1617811200004,2021-04-07 16:00:00,0.00046166,
1617840000013,2021-04-08 00:00:00,0.00034305,
1617868800003,2021-04-08 08:00:00,0.00039471,
1617897600005,2021-04-08 16:00:00,0.00083426,
1617926400000,2021-04-09 00:00:00,0.00050083,
1617955200004,2021-04-09 08:00:00,0.00145994,
1617984000004,2021-04-09 16:00:00,0.00134022,
1618012800011,2021-04-10 00:00:00,0.00135766,
1618041600005,2021-04-10 08:00:00,0.00203980,
1618070400000,2021-04-10 16:00:00,0.00160100,
1618099200004,2021-04-11 00:00:00,0.00120274,
1618128000000,2021-04-11 08:00:00,0.00038039,
1618156800000,2021-04-11 16:00:00,0.00154937,
1618185600001,2021-04-12 00:00:00,0.00049495,
1618214400001,2021-04-12 08:00:00,0.00097588,
1618243200008,2021-04-12 16:00:00,0.00056896,
1618272000003,2021-04-13 00:00:00,0.00010000,
1618300800008,2021-04-13 08:00:00,0.00078975,
1618329600008,2021-04-13 16:00:00,0.00148926,
1618358400008,2021-04-14 00:00:00,0.00013119,
1618387200000,2021-04-14 08:00:00,0.00010000,
1618416000012,2021-04-14 16:00:00,-0.00067612,
1618444800006,2021-04-15 00:00:00,-0.00254652,
1618473600000,2021-04-15 08:00:00,-0.00136212,
1618502400008,2021-04-15 16:00:00,-0.00064940,
1618531200008,2021-04-16 00:00:00,-0.00030100,
1618560000000,2021-04-16 08:00:00,-0.00019566,
1618588800002,2021-04-16 16:00:00,-0.00143075,
1618617600008,2021-04-17 00:00:00,-0.00249415,
1618646400000,2021-04-17 08:00:00,0.00010000,
1618675200001,2021-04-17 16:00:00,0.00157537,
1618704000006,2021-04-18 00:00:00,0.00099865,
1618732800004,2021-04-18 08:00:00,-0.00174190,
1618761600000,2021-04-18 16:00:00,-0.00167129,
1618790400000,2021-04-19 00:00:00,0.00003064,
1618819200000,2021-04-19 08:00:00,-0.00266733,
1618848000009,2021-04-19 16:00:00,-0.00121413,
1618876800004,2021-04-20 00:00:00,-0.00199683,
1618905600000,2021-04-20 08:00:00,-0.00058438,
1618934400001,2021-04-20 16:00:00,-0.00363562,
1618963200013,2021-04-21 00:00:00,-0.00133687,
1618992000001,2021-04-21 08:00:00,-0.00285331,
1619020800002,2021-04-21 16:00:00,-0.00176755,
1619049600000,2021-04-22 00:00:00,-0.00017377,
1619078400000,2021-04-22 08:00:00,-0.00058792,
1619107200001,2021-04-22 16:00:00,-0.00037375,
1619136000002,2021-04-23 00:00:00,-0.00006011,
1619164800009,2021-04-23 08:00:00,-0.00090831,
1619193600001,2021-04-23 16:00:00,-0.00029998,
1619222400019,2021-04-24 00:00:00,-0.00033952,
1619251200001,2021-04-24 08:00:00,-0.00067301,
1619280000011,2021-04-24 16:00:00,-0.00003117,
1619308800000,2021-04-25 00:00:00,0.00001562,
1619337600010,2021-04-25 08:00:00,0.00001761,
1619366400000,2021-04-25 16:00:00,-0.00065280,
1619395200003,2021-04-26 00:00:00,-0.00015699,
1619424000002,2021-04-26 08:00:00,-0.00162373,
1619452800004,2021-04-26 16:00:00,-0.00092551,
1619481600000,2021-04-27 00:00:00,-0.00027332,
1619510400000,2021-04-27 08:00:00,0.00010000,
1619539200009,2021-04-27 16:00:00,-0.00051375,
1619568000000,2021-04-28 00:00:00,-0.00075283,
1619596800000,2021-04-28 08:00:00,0.00010000,
1619625600001,2021-04-28 16:00:00,0.00010000,
1619654400004,2021-04-29 00:00:00,0.00010000,
1619683200013,2021-04-29 08:00:00,0.00010000,
1619712000003,2021-04-29 16:00:00,0.00010000,
1619740800004,2021-04-30 00:00:00,0.00010000,
1619769600019,2021-04-30 08:00:00,0.00010000,
1619798400003,2021-04-30 16:00:00,0.00010000,
1619827200002,2021-05-01 00:00:00,0.00072240,
1619856000006,2021-05-01 08:00:00,0.00124003,
1619884800000,2021-05-01 16:00:00,0.00085020,
1619913600010,2021-05-02 00:00:00,0.00107121,
1619942400011,2021-05-02 08:00:00,0.00064920,
1619971200007,2021-05-02 16:00:00,0.00061418,
1620000000003,2021-05-03 00:00:00,0.00086538,
1620028800000,2021-05-03 08:00:00,0.00066756,
1620057600043,2021-05-03 16:00:00,0.00138220,
1620086400004,2021-05-04 00:00:00,0.00102928,
1620115200003,2021-05-04 08:00:00,0.00030294,
1620144000011,2021-05-04 16:00:00,0.00087154,
1620172800001,2021-05-05 00:00:00,0.00050500,
1620201600007,2021-05-05 08:00:00,0.00060452,
1620230400001,2021-05-05 16:00:00,0.00112098,
1620259200003,2021-05-06 00:00:00,0.00099557,
1620288000001,2021-05-06 08:00:00,0.00129877,
1620316800000,2021-05-06 16:00:00,0.00202206,
1620345600000,2021-05-07 00:00:00,0.00087497,
1620374400000,2021-05-07 08:00:00,0.00100617,
1620403200001,2021-05-07 16:00:00,0.00063412,
1620432000006,2021-05-08 00:00:00,0.00089739,
1620460800000,2021-05-08 08:00:00,0.00094799,
1620489600000,2021-05-08 16:00:00,0.00076450,
1620518400005,2021-05-09 00:00:00,0.00079543,
1620547200016,2021-05-09 08:00:00,0.00055788,
1620576000000,2021-05-09 16:00:00,0.00080516,
1620604800004,2021-05-10 00:00:00,0.00090326,
1620633600000,2021-05-10 08:00:00,0.00106169,
1620662400013,2021-05-10 16:00:00,0.00136013,
1620691200000,2021-05-11 00:00:00,0.00010000,
1620720000000,2021-05-11 08:00:00,0.00010000,
1620748800002,2021-05-11 16:00:00,0.00010000,
1620777600004,2021-05-12 00:00:00,0.00010000,
1620806400007,2021-05-12 08:00:00,0.00010000,
1620835200012,2021-05-12 16:00:00,0.00010000,
1620864000016,2021-05-13 00:00:00,0.00010000,
1620892800000,2021-05-13 08:00:00,0.00010000,
1620921600008,2021-05-13 16:00:00,0.00010000,
1620950400007,2021-05-14 00:00:00,0.00010000,
1620979200001,2021-05-14 08:00:00,0.00010000,
1621008000004,2021-05-14 16:00:00,0.00010000,
1621036800022,2021-05-15 00:00:00,0.00013833,
1621065600014,2021-05-15 08:00:00,0.00010000,
1621094400002,2021-05-15 16:00:00,0.00010000,
1621123200000,2021-05-16 00:00:00,0.00010000,
1621152000003,2021-05-16 08:00:00,0.00031512,
1621180800002,2021-05-16 16:00:00,0.00010000,
1621209600005,2021-05-17 00:00:00,0.00010000,
1621238400001,2021-05-17 08:00:00,0.00010000,
1621267200000,2021-05-17 16:00:00,0.00010000,
1621296000019,2021-05-18 00:00:00,0.00010817,
1621324800001,2021-05-18 08:00:00,0.00010000,
1621353600006,2021-05-18 16:00:00,0.00011165,
1621382400000,2021-05-19 00:00:00,0.00010000,
1621411200003,2021-05-19 08:00:00,0.00016188,
1621440000018,2021-05-19 16:00:00,-0.00750000,
1621468800005,2021-05-20 00:00:00,0.00010000,
1621497600000,2021-05-20 08:00:00,0.00010000,
1621526400005,2021-05-20 16:00:00,0.00010000,
1621555200000,2021-05-21 00:00:00,0.00010000,
1621584000000,2021-05-21 08:00:00,0.00010000,
1621612800001,2021-05-21 16:00:00,0.00010000,
1621641600001,2021-05-22 00:00:00,0.00010000,
1621670400002,2021-05-22 08:00:00,0.00010000,
1621699200005,2021-05-22 16:00:00,0.00010000,
1621728000006,2021-05-23 00:00:00,0.00010000,
1621756800004,2021-05-23 08:00:00,0.00010000,
1621785600002,2021-05-23 16:00:00,0.00010000,
1621814400007,2021-05-24 00:00:00,0.00010000,
1621843200005,2021-05-24 08:00:00,0.00010000,
1621872000005,2021-05-24 16:00:00,0.00010000,
1621900800000,2021-05-25 00:00:00,0.00010000,
1621929600014,2021-05-25 08:00:00,0.00010000,
1621958400000,2021-05-25 16:00:00,0.00010000,
1621987200022,2021-05-26 00:00:00,0.00010000,
1622016000018,2021-05-26 08:00:00,0.00010000,
1622044800004,2021-05-26 16:00:00,0.00010000,
1622073600000,2021-05-27 00:00:00,0.00010000,
1622102400017,2021-05-27 08:00:00,0.00010000,
1622131200000,2021-05-27 16:00:00,0.00010000,
1622160000005,2021-05-28 00:00:00,0.00010000,
1622188800009,2021-05-28 08:00:00,0.00010000,
1622217600000,2021-05-28 16:00:00,0.00010000,
1622246400006,2021-05-29 00:00:00,0.00010000,
1622275200000,2021-05-29 08:00:00,0.00010000,
1622304000000,2021-05-29 16:00:00,0.00010000,
1622332800003,2021-05-30 00:00:00,0.00010000,
1622361600004,2021-05-30 08:00:00,0.00010000,
1622390400018,2021-05-30 16:00:00,0.00010000,
1622419200002,2021-05-31 00:00:00,0.00010000,
1622448000000,2021-05-31 08:00:00,0.00010000,
1622476800000,2021-05-31 16:00:00,0.00010000,
1622505600001,2021-06-01 00:00:00,0.00010000,
1622534400010,2021-06-01 08:00:00,0.00010000,
1622563200010,2021-06-01 16:00:00,0.00010000,
1622592000008,2021-06-02 00:00:00,0.00010000,
1622620800000,2021-06-02 08:00:00,0.00010000,
1622649600007,2021-06-02 16:00:00,0.00010000,
1622678400019,2021-06-03 00:00:00,0.00010000,
1622707200002,2021-06-03 08:00:00,0.00010000,
1622736000003,2021-06-03 16:00:00,0.00010000,
1622764800003,2021-06-04 00:00:00,0.00010000,
1622793600006,2021-06-04 08:00:00,0.00010000,
1622822400002,2021-06-04 16:00:00,0.00010000,
1622851200000,2021-06-05 00:00:00,0.00010000,
1622880000004,2021-06-05 08:00:00,0.00010000,
1622908800020,2021-06-05 16:00:00,0.00010000,
1622937600000,2021-06-06 00:00:00,0.00010000,
1622966400004,2021-06-06 08:00:00,0.00010000,
1622995200000,2021-06-06 16:00:00,0.00010000,
1623024000007,2021-06-07 00:00:00,0.00010000,
1623052800007,2021-06-07 08:00:00,0.00010000,
1623081600003,2021-06-07 16:00:00,0.00010000,
1623110400000,2021-06-08 00:00:00,0.00010000,
1623139200000,2021-06-08 08:00:00,0.00010000,
1623168000002,2021-06-08 16:00:00,-0.00000972,
1623196800009,2021-06-09 00:00:00,0.00010000,
1623225600002,2021-06-09 08:00:00,-0.00009631,
1623254400000,2021-06-09 16:00:00,-0.00045357,
1623283200007,2021-06-10 00:00:00,0.00009115,
1623312000003,2021-06-10 08:00:00,0.00010000,
1623340800000,2021-06-10 16:00:00,0.00010000,
1623369600010,2021-06-11 00:00:00,0.00010000,
1623398400007,2021-06-11 08:00:00,0.00010000,
1623427200006,2021-06-11 16:00:00,0.00010000,
1623456000005,2021-06-12 00:00:00,0.00010000,
1623484800000,2021-06-12 08:00:00,-0.00001279,
1623513600018,2021-06-12 16:00:00,-0.00023856,
1623542400002,2021-06-13 00:00:00,0.00010000,
1623571200000,2021-06-13 08:00:00,-0.00020941,
1623600000003,2021-06-13 16:00:00,-0.00027386,
1623628800000,2021-06-14 00:00:00,0.00007300,
1623657600015,2021-06-14 08:00:00,-0.00031463,
1623686400000,2021-06-14 16:00:00,0.00010000,
1623715200000,2021-06-15 00:00:00,0.00010000,
1623744000000,2021-06-15 08:00:00,0.00010000,
1623772800004,2021-06-15 16:00:00,0.00010000,
1623801600004,2021-06-16 00:00:00,0.00010000,
1623830400001,2021-06-16 08:00:00,0.00010000,
1623859200000,2021-06-16 16:00:00,0.00010000,
1623888000004,2021-06-17 00:00:00,0.00010000,
1623916800000,2021-06-17 08:00:00,0.00010000,
1623945600002,2021-06-17 16:00:00,0.00010000,
1623974400009,2021-06-18 00:00:00,0.00010000,
1624003200014,2021-06-18 08:00:00,0.00010000,
1624032000007,2021-06-18 16:00:00,0.00010000,
1624060800003,2021-06-19 00:00:00,0.00010000,
1624089600001,2021-06-19 08:00:00,0.00010000,
1624118400000,2021-06-19 16:00:00,-0.00001569,
1624147200005,2021-06-20 00:00:00,0.00010000,
1624176000000,2021-06-20 08:00:00,0.00010000,
1624204800002,2021-06-20 16:00:00,0.00009696,
1624233600019,2021-06-21 00:00:00,0.00010000,
1624262400000,2021-06-21 08:00:00,0.00010000,
1624291200024,2021-06-21 16:00:00,0.00010000,
1624320000008,2021-06-22 00:00:00,0.00005437,
1624348800009,2021-06-22 08:00:00,0.00010000,
1624377600001,2021-06-22 16:00:00,0.00010000,
1624406400003,2021-06-23 00:00:00,0.00010000,
1624435200000,2021-06-23 08:00:00,0.00010000,
1624464000000,2021-06-23 16:00:00,0.00004695,
1624492800009,2021-06-24 00:00:00,-0.00009698,
1624521600018,2021-06-24 08:00:00,-0.00009777,
1624550400001,2021-06-24 16:00:00,-0.00011790,
1624579200009,2021-06-25 00:00:00,-0.00015224,
1624608000004,2021-06-25 08:00:00,0.00010000,
1624636800000,2021-06-25 16:00:00,0.00010000,
1624665600007,2021-06-26 00:00:00,0.00010000,
1624694400000,2021-06-26 08:00:00,-0.00006029,
1624723200002,2021-06-26 16:00:00,0.00010000,
1624752000005,2021-06-27 00:00:00,0.00010000,
1624780800010,2021-06-27 08:00:00,0.00000411,
1624809600001,2021-06-27 16:00:00,-0.00024902,
1624838400025,2021-06-28 00:00:00,0.00010000,
1624867200017,2021-06-28 08:00:00,0.00010000,
1624896000007,2021-06-28 16:00:00,-0.00000673,
1624924800008,2021-06-29 00:00:00,0.00010000,
1624953600000,2021-06-29 08:00:00,0.00010000,
1624982400000,2021-06-29 16:00:00,0.00010000,
1625011200011,2021-06-30 00:00:00,0.00010000,
1625040000044,2021-06-30 08:00:00,0.00010000,
1625068800005,2021-06-30 16:00:00,0.00010000,
1625097600000,2021-07-01 00:00:00,0.00010000,
1625126400004,2021-07-01 08:00:00,0.00010000,
1625155200028,2021-07-01 16:00:00,0.00010000,
1625184000002,2021-07-02 00:00:00,0.00010000,
1625212800016,2021-07-02 08:00:00,0.00010000,
1625241600007,2021-07-02 16:00:00,0.00010000,
1625270400008,2021-07-03 00:00:00,0.00010000,
1625299200000,2021-07-03 08:00:00,0.00001000,
1625328000004,2021-07-03 16:00:00,0.00010000,
1625356800012,2021-07-04 00:00:00,0.00010000,
1625385600002,2021-07-04 08:00:00,0.00010000,
1625414400003,2021-07-04 16:00:00,0.00010000,
1625443200004,2021-07-05 00:00:00,0.00010000,
1625472000000,2021-07-05 08:00:00,0.00010000,
1625500800009,2021-07-05 16:00:00,0.00010000,
1625529600008,2021-07-06 00:00:00,0.00010000,
1625558400019,2021-07-06 08:00:00,0.00010000,
1625587200000,2021-07-06 16:00:00,0.00010000,
1625616000007,2021-07-07 00:00:00,0.00010000,
1625644800001,2021-07-07 08:00:00,0.00010000,
1625673600008,2021-07-07 16:00:00,0.00010000,
1625702400002,2021-07-08 00:00:00,0.00010000,
1625731200010,2021-07-08 08:00:00,0.00010000,
1625760000003,2021-07-08 16:00:00,0.00008132,
1625788800000,2021-07-09 00:00:00,0.00010000,
1625817600006,2021-07-09 08:00:00,0.00010000,
1625846400000,2021-07-09 16:00:00,0.00010000,
1625875200002,2021-07-10 00:00:00,0.00010000,
1625904000000,2021-07-10 08:00:00,0.00010000,
1625932800001,2021-07-10 16:00:00,0.00010000,
1625961600001,2021-07-11 00:00:00,0.00010000,
1625990400025,2021-07-11 08:00:00,0.00010000,
1626019200006,2021-07-11 16:00:00,0.00010000,
1626048000000,2021-07-12 00:00:00,0.00010000,
1626076800021,2021-07-12 08:00:00,0.00010000,
1626105600000,2021-07-12 16:00:00,0.00010000,
1626134400000,2021-07-13 00:00:00,0.00010000,
1626163200013,2021-07-13 08:00:00,0.00010000,
1626192000005,2021-07-13 16:00:00,0.00010000,
1626220800000,2021-07-14 00:00:00,0.00010000,
1626249600000,2021-07-14 08:00:00,0.00010000,
1626278400005,2021-07-14 16:00:00,0.00010000,
1626307200005,2021-07-15 00:00:00,0.00010000,
1626336000001,2021-07-15 08:00:00,0.00010000,
1626364800000,2021-07-15 16:00:00,0.00010000,
1626393600000,2021-07-16 00:00:00,0.00007381,
1626422400000,2021-07-16 08:00:00,0.00009444,
1626451200001,2021-07-16 16:00:00,0.00010000,
1626480000004,2021-07-17 00:00:00,0.00010000,
1626508800009,2021-07-17 08:00:00,0.00007415,
1626537600006,2021-07-17 16:00:00,0.00010000,
1626566400000,2021-07-18 00:00:00,0.00010000,
1626595200001,2021-07-18 08:00:00,0.00010000,
1626624000003,2021-07-18 16:00:00,0.00010000,
1626652800002,2021-07-19 00:00:00,0.00010000,
1626681600006,2021-07-19 08:00:00,0.00010000,
1626710400006,2021-07-19 16:00:00,0.00010000,
1626739200002,2021-07-20 00:00:00,0.00010000,
1626768000011,2021-07-20 08:00:00,-0.00014029,
1626796800001,2021-07-20 16:00:00,0.00000129,
1626825600022,2021-07-21 00:00:00,0.00010000,
1626854400000,2021-07-21 08:00:00,0.00010000,
1626883200018,2021-07-21 16:00:00,0.00010000,
1626912000002,2021-07-22 00:00:00,0.00010000,
1626940800006,2021-07-22 08:00:00,0.00010000,
1626969600010,2021-07-22 16:00:00,0.00010000,
1626998400013,2021-07-23 00:00:00,0.00010000,
1627027200000,2021-07-23 08:00:00,0.00010000,
1627056000005,2021-07-23 16:00:00,0.00010000,
1627084800000,2021-07-24 00:00:00,0.00010000,
1627113600002,2021-07-24 08:00:00,0.00010000,
1627142400001,2021-07-24 16:00:00,0.00010000,
1627171200003,2021-07-25 00:00:00,0.00010000,
1627200000015,2021-07-25 08:00:00,0.00010000,
1627228800000,2021-07-25 16:00:00,0.00010000,
1627257600000,2021-07-26 00:00:00,0.00010000,
1627286400000,2021-07-26 08:00:00,0.00010000,
1627315200000,2021-07-26 16:00:00,0.00010000,
1627344000046,2021-07-27 00:00:00,0.00010000,
1627372800014,2021-07-27 08:00:00,0.00010000,
1627401600007,2021-07-27 16:00:00,0.00010000,
1627430400000,2021-07-28 00:00:00,0.00010000,
1627459200002,2021-07-28 08:00:00,0.00010000,
1627488000005,2021-07-28 16:00:00,0.00010000,
1627516800004,2021-07-29 00:00:00,0.00010000,
1627545600000,2021-07-29 08:00:00,0.00010000,
1627574400007,2021-07-29 16:00:00,0.00010000,
1627603200004,2021-07-30 00:00:00,0.00010000,
1627632000000,2021-07-30 08:00:00,0.00010000,
1627660800000,2021-07-30 16:00:00,0.00010000,
1627689600000,2021-07-31 00:00:00,0.00010000,
1627718400014,2021-07-31 08:00:00,0.00010000,
1627747200003,2021-07-31 16:00:00,0.00010000,
1627776000005,2021-08-01 00:00:00,0.00010000,
1627804800016,2021-08-01 08:00:00,0.00010000,
1627833600001,2021-08-01 16:00:00,0.00010735,
1627862400000,2021-08-02 00:00:00,0.00010000,
1627891200014,2021-08-02 08:00:00,0.00010000,
1627920000021,2021-08-02 16:00:00,0.00010000,
1627948800000,2021-08-03 00:00:00,0.00010000,
1627977600000,2021-08-03 08:00:00,0.00010000,
1628006400009,2021-08-03 16:00:00,0.00010000,
1628035200000,2021-08-04 00:00:00,0.00010000,
1628064000000,2021-08-04 08:00:00,0.00010000,
1628092800003,2021-08-04 16:00:00,0.00010000,
1628121600000,2021-08-05 00:00:00,0.00010000,
1628150400000,2021-08-05 08:00:00,0.00016595,
1628179200001,2021-08-05 16:00:00,0.00022825,
1628208000000,2021-08-06 00:00:00,0.00019391,
1628236800004,2021-08-06 08:00:00,0.00025361,
1628265600003,2021-08-06 16:00:00,0.00048292,
1628294400015,2021-08-07 00:00:00,0.00058609,
1628323200001,2021-08-07 08:00:00,0.00083022,
1628352000002,2021-08-07 16:00:00,0.00056373,
1628380800000,2021-08-08 00:00:00,0.00021137,
1628409600002,2021-08-08 08:00:00,0.00043058,
1628438400018,2021-08-08 16:00:00,0.00053758,
1628467200000,2021-08-09 00:00:00,0.00021671,
1628496000000,2021-08-09 08:00:00,0.00037275,
1628524800002,2021-08-09 16:00:00,0.00022575,
1628553600000,2021-08-10 00:00:00,0.00010000,
1628582400003,2021-08-10 08:00:00,0.00024745,
1628611200000,2021-08-10 16:00:00,0.00033507,
1628640000006,2021-08-11 00:00:00,0.00031781,
1628668800003,2021-08-11 08:00:00,0.00052435,
1628697600000,2021-08-11 16:00:00,0.00066634,
1628726400013,2021-08-12 00:00:00,0.00050402,
1628755200001,2021-08-12 08:00:00,0.00036501,
1628784000000,2021-08-12 16:00:00,0.00027071,
1628812800000,2021-08-13 00:00:00,0.00015940,
1628841600000,2021-08-13 08:00:00,0.00010000,
1628870400002,2021-08-13 16:00:00,0.00010768,
1628899200006,2021-08-14 00:00:00,0.00010000,
1628928000000,2021-08-14 08:00:00,0.00024445,
1628956800000,2021-08-14 16:00:00,0.00015602,
1628985600003,2021-08-15 00:00:00,0.00038390,
1629014400000,2021-08-15 08:00:00,0.00051208,
1629043200007,2021-08-15 16:00:00,0.00033701,
1629072000012,2021-08-16 00:00:00,0.00026121,
1629100800003,2021-08-16 08:00:00,0.00054230,
1629129600010,2021-08-16 16:00:00,0.00076645,
1629158400018,2021-08-17 00:00:00,0.00040807,
1629187200015,2021-08-17 08:00:00,0.00017656,
1629216000006,2021-08-17 16:00:00,0.00033002,
1629244800000,2021-08-18 00:00:00,0.00010000,
1629273600000,2021-08-18 08:00:00,0.00010000,
1629302400011,2021-08-18 16:00:00,0.00010000,
1629331200000,2021-08-19 00:00:00,0.00010000,
1629360000014,2021-08-19 08:00:00,0.00028689,
1629388800000,2021-08-19 16:00:00,0.00010000,
1629417600000,2021-08-20 00:00:00,0.00019687,
1629446400001,2021-08-20 08:00:00,0.00062382,
1629475200001,2021-08-20 16:00:00,0.00046264,
1629504000005,2021-08-21 00:00:00,0.00040680,
1629532800001,2021-08-21 08:00:00,0.00067214,
1629561600000,2021-08-21 16:00:00,0.00058733,
1629590400005,2021-08-22 00:00:00,0.00047287,
1629619200007,2021-08-22 08:00:00,0.00068098,
1629648000002,2021-08-22 16:00:00,0.00053147,
1629676800003,2021-08-23 00:00:00,0.00044918,
1629705600005,2021-08-23 08:00:00,0.00100432,
1629734400002,2021-08-23 16:00:00,0.00068307,
1629763200006,2021-08-24 00:00:00,0.00072054,
1629792000004,2021-08-24 08:00:00,0.00074576,
1629820800000,2021-08-24 16:00:00,0.00051928,
1629849600015,2021-08-25 00:00:00,0.00010000,
1629878400000,2021-08-25 08:00:00,0.00017394,
1629907200000,2021-08-25 16:00:00,0.00010000,
1629936000001,2021-08-26 00:00:00,0.00010000,
1629964800016,2021-08-26 08:00:00,0.00010000,
1629993600004,2021-08-26 16:00:00,0.00010000,
1630022400013,2021-08-27 00:00:00,0.00010000,
1630051200001,2021-08-27 08:00:00,0.00010000,
1630080000004,2021-08-27 16:00:00,0.00010000,
1630108800000,2021-08-28 00:00:00,0.00010000,
1630137600000,2021-08-28 08:00:00,0.00010000,
1630166400000,2021-08-28 16:00:00,0.00031723,
1630195200000,2021-08-29 00:00:00,0.00050296,
1630224000002,2021-08-29 08:00:00,0.00046784,
1630252800005,2021-08-29 16:00:00,0.00039042,
1630281600013,2021-08-30 00:00:00,0.00025364,
1630310400008,2021-08-30 08:00:00,0.00047887,
1630339200000,2021-08-30 16:00:00,0.00033545,
1630368000000,2021-08-31 00:00:00,0.00040038,
1630396800007,2021-08-31 08:00:00,0.00063283,
1630425600003,2021-08-31 16:00:00,0.00042469,
1630454400000,2021-09-01 00:00:00,0.00010000,
1630483200006,2021-09-01 08:00:00,0.00010000,
1630512000000,2021-09-01 16:00:00,0.00069009,
1630540800009,2021-09-02 00:00:00,0.00064528,
1630569600006,2021-09-02 08:00:00,0.00119549,
1630598400007,2021-09-02 16:00:00,0.00092458,
1630627200011,2021-09-03 00:00:00,0.00089926,
1630656000000,2021-09-03 08:00:00,0.00094219,
1630684800002,2021-09-03 16:00:00,0.00095131,
1630713600003,2021-09-04 00:00:00,0.00076340,
1630742400008,2021-09-04 08:00:00,0.00100075,
1630771200009,2021-09-04 16:00:00,0.00138705,
1630800000002,2021-09-05 00:00:00,0.00095112,
1630828800002,2021-09-05 08:00:00,0.00069233,
1630857600000,2021-09-05 16:00:00,0.00086659,
1630886400003,2021-09-06 00:00:00,0.00079064,
1630915200008,2021-09-06 08:00:00,0.00119338,
1630944000009,2021-09-06 16:00:00,0.00050975,
1630972800004,2021-09-07 00:00:00,0.00047350,
1631001600002,2021-09-07 08:00:00,0.00064084,
1631030400001,2021-09-07 16:00:00,-0.00221067,
1631059200005,2021-09-08 00:00:00,0.00010000,
1631088000000,2021-09-08 08:00:00,0.00010000,
1631116800000,2021-09-08 16:00:00,0.00010000,
1631145600006,2021-09-09 00:00:00,0.00010000,
1631174400014,2021-09-09 08:00:00,0.00010000,
1631203200002,2021-09-09 16:00:00,0.00010000,
1631232000001,2021-09-10 00:00:00,0.00010000,
1631260800018,2021-09-10 08:00:00,0.00010000,
1631289600006,2021-09-10 16:00:00,0.00010000,
1631318400000,2021-09-11 00:00:00,0.00010000,
1631347200001,2021-09-11 08:00:00,0.00010000,
1631376000000,2021-09-11 16:00:00,0.00010000,
1631404800000,2021-09-12 00:00:00,0.00010000,
1631433600002,2021-09-12 08:00:00,0.00010000,
1631462400000,2021-09-12 16:00:00,0.00010000,
1631491200000,2021-09-13 00:00:00,0.00010000,
1631520000007,2021-09-13 08:00:00,0.00010000,
1631548800005,2021-09-13 16:00:00,0.00010000,
1631577600002,2021-09-14 00:00:00,0.00010000,
1631606400000,2021-09-14 08:00:00,0.00010000,
1631635200007,2021-09-14 16:00:00,0.00010000,
1631664000012,2021-09-15 00:00:00,0.00010000,
1631692800003,2021-09-15 08:00:00,0.00010000,
1631721600006,2021-09-15 16:00:00,0.00010000,
1631750400008,2021-09-16 00:00:00,0.00010000,
1631779200005,2021-09-16 08:00:00,0.00010000,
1631808000002,2021-09-16 16:00:00,0.00010000,
1631836800000,2021-09-17 00:00:00,0.00010000,
1631865600047,2021-09-17 08:00:00,0.00010000,
1631894400013,2021-09-17 16:00:00,0.00010000,
1631923200000,2021-09-18 00:00:00,0.00010000,
1631952000010,2021-09-18 08:00:00,0.00010000,
1631980800005,2021-09-18 16:00:00,0.00024014,
1632009600006,2021-09-19 00:00:00,0.00010000,
1632038400015,2021-09-19 08:00:00,0.00010000,
1632067200007,2021-09-19 16:00:00,0.00010000,
1632096000018,2021-09-20 00:00:00,0.00010000,
1632124800000,2021-09-20 08:00:00,0.00010000,
1632153600005,2021-09-20 16:00:00,0.00010000,
1632182400005,2021-09-21 00:00:00,0.00010000,
1632211200007,2021-09-21 08:00:00,0.00010000,
1632240000000,2021-09-21 16:00:00,0.00010000,
1632268800005,2021-09-22 00:00:00,0.00010000,
1632297600006,2021-09-22 08:00:00,0.00010000,
1632326400000,2021-09-22 16:00:00,0.00010000,
1632355200003,2021-09-23 00:00:00,0.00010000,
1632384000000,2021-09-23 08:00:00,0.00010000,
1632412800007,2021-09-23 16:00:00,0.00010000,
1632441600000,2021-09-24 00:00:00,0.00010000,
1632470400017,2021-09-24 08:00:00,0.00010000,
1632499200000,2021-09-24 16:00:00,0.00010000,
1632528000007,2021-09-25 00:00:00,0.00010000,
1632556800002,2021-09-25 08:00:00,0.00010000,
1632585600004,2021-09-25 16:00:00,0.00010000,
1632614400013,2021-09-26 00:00:00,0.00010000,
1632643200000,2021-09-26 08:00:00,0.00010000,
1632672000005,2021-09-26 16:00:00,0.00010000,
1632700800000,2021-09-27 00:00:00,0.00010000,
1632729600001,2021-09-27 08:00:00,0.00010000,
1632758400000,2021-09-27 16:00:00,0.00010000,
1632787200000,2021-09-28 00:00:00,-0.00223659,
1632816000014,2021-09-28 08:00:00,-0.00000091,
1632844800000,2021-09-28 16:00:00,-0.00019336,
1632873600000,2021-09-29 00:00:00,0.00010000,
1632902400002,2021-09-29 08:00:00,0.00010000,
1632931200000,2021-09-29 16:00:00,0.00010000,
1632960000000,2021-09-30 00:00:00,0.00010000,
1632988800004,2021-09-30 08:00:00,0.00010000,
1633017600005,2021-09-30 16:00:00,0.00010000,
1633046400012,2021-10-01 00:00:00,0.00010000,
1633075200008,2021-10-01 08:00:00,0.00010000,
1633104000000,2021-10-01 16:00:00,0.00010000,
1633132800000,2021-10-02 00:00:00,0.00010000,
1633161600002,2021-10-02 08:00:00,0.00010000,
1633190400011,2021-10-02 16:00:00,0.00010000,
1633219200019,2021-10-03 00:00:00,0.00010000,
1633248000011,2021-10-03 08:00:00,0.00010000,
1633276800004,2021-10-03 16:00:00,0.00010000,
1633305600004,2021-10-04 00:00:00,0.00010000,
1633334400000,2021-10-04 08:00:00,0.00010000,
1633363200000,2021-10-04 16:00:00,0.00010000,
1633392000007,2021-10-05 00:00:00,0.00010000,
1633420800007,2021-10-05 08:00:00,0.00010000,
1633449600004,2021-10-05 16:00:00,0.00011140,
1633478400002,2021-10-06 00:00:00,0.00010000,
1633507200000,2021-10-06 08:00:00,0.00010000,
1633536000003,2021-10-06 16:00:00,0.00015937,
1633564800007,2021-10-07 00:00:00,0.00030515,
1633593600002,2021-10-07 08:00:00,0.00049989,
1633622400000,2021-10-07 16:00:00,0.00042513,
1633651200011,2021-10-08 00:00:00,0.00033135,
1633680000003,2021-10-08 08:00:00,0.00048786,
1633708800002,2021-10-08 16:00:00,0.00055783,
1633737600006,2021-10-09 00:00:00,0.00010585,
1633766400003,2021-10-09 08:00:00,0.00039252,
1633795200000,2021-10-09 16:00:00,0.00010000,
1633824000000,2021-10-10 00:00:00,0.00010000,
1633852800008,2021-10-10 08:00:00,0.00031436,
1633881600000,2021-10-10 16:00:00,0.00027633,
1633910400002,2021-10-11 00:00:00,0.00010000,
1633939200001,2021-10-11 08:00:00,0.00010000,
1633968000006,2021-10-11 16:00:00,0.00010000,
1633996800008,2021-10-12 00:00:00,0.00010000,
1634025600013,2021-10-12 08:00:00,0.00010000,
1634054400003,2021-10-12 16:00:00,0.00010000,
1634083200003,2021-10-13 00:00:00,0.00010000,
1634112000015,2021-10-13 08:00:00,0.00015670,
1634140800000,2021-10-13 16:00:00,0.00010000,
1634169600011,2021-10-14 00:00:00,0.00017910,
1634198400017,2021-10-14 08:00:00,0.00048281,
1634227200000,2021-10-14 16:00:00,0.00030268,
1634256000005,2021-10-15 00:00:00,0.00010000,
1634284800002,2021-10-15 08:00:00,0.00031338,
1634313600005,2021-10-15 16:00:00,0.00017684,
1634342400009,2021-10-16 00:00:00,0.00013835,
1634371200000,2021-10-16 08:00:00,0.00035751,
1634400000003,2021-10-16 16:00:00,0.00042501,
1634428800001,2021-10-17 00:00:00,0.00045655,
1634457600002,2021-10-17 08:00:00,0.00029054,
1634486400002,2021-10-17 16:00:00,0.00049245,
1634515200006,2021-10-18 00:00:00,0.00025488,
1634544000004,2021-10-18 08:00:00,0.00020040,
1634572800001,2021-10-18 16:00:00,0.00013695,
1634601600002,2021-10-19 00:00:00,0.00028472,
1634630400000,2021-10-19 08:00:00,0.00010000,
1634659200000,2021-10-19 16:00:00,0.00023424,
1634688000017,2021-10-20 00:00:00,0.00010000,
1634716800004,2021-10-20 08:00:00,0.00010000,
1634745600020,2021-10-20 16:00:00,0.00013644,
1634774400000,2021-10-21 00:00:00,0.00069248,
1634803200000,2021-10-21 08:00:00,0.00086418,
1634832000008,2021-10-21 16:00:00,0.00074527,
1634860800005,2021-10-22 00:00:00,0.00044409,
1634889600005,2021-10-22 08:00:00,0.00063643,
1634918400018,2021-10-22 16:00:00,0.00049789,
1634947200005,2021-10-23 00:00:00,0.00026882,
1634976000001,2021-10-23 08:00:00,0.00038206,
1635004800004,2021-10-23 16:00:00,0.00042801,
1635033600006,2021-10-24 00:00:00,0.00073236,
1635062400012,2021-10-24 08:00:00,0.00061771,
1635091200001,2021-10-24 16:00:00,0.00048585,
1635120000012,2021-10-25 00:00:00,0.00045505,
1635148800002,2021-10-25 08:00:00,0.00052628,
1635177600022,2021-10-25 16:00:00,0.00068135,
1635206400005,2021-10-26 00:00:00,0.00074148,
1635235200016,2021-10-26 08:00:00,0.00075364,
1635264000000,2021-10-26 16:00:00,0.00078493,
1635292800004,2021-10-27 00:00:00,0.00057524,
1635321600000,2021-10-27 08:00:00,0.00043735,
1635350400002,2021-10-27 16:00:00,0.00010000,
1635379200002,2021-10-28 00:00:00,0.00010000,
1635408000000,2021-10-28 08:00:00,0.00010000,
1635436800005,2021-10-28 16:00:00,0.00010000,
1635465600000,2021-10-29 00:00:00,0.00010000,
1635494400007,2021-10-29 08:00:00,0.00011356,
1635523200001,2021-10-29 16:00:00,0.00010000,
1635552000000,2021-10-30 00:00:00,0.00015765,
1635580800001,2021-10-30 08:00:00,0.00010000,
1635609600013,2021-10-30 16:00:00,0.00025545,
1635638400008,2021-10-31 00:00:00,0.00043824,
1635667200010,2021-10-31 08:00:00,0.00042594,
1635696000001,2021-10-31 16:00:00,0.00020579,
1635724800009,2021-11-01 00:00:00,0.00027982,
1635753600014,2021-11-01 08:00:00,0.00027766,
1635782400001,2021-11-01 16:00:00,0.00033214,
1635811200000,2021-11-02 00:00:00,0.00010000,
1635840000007,2021-11-02 08:00:00,0.00022705,
1635868800010,2021-11-02 16:00:00,0.00065695,
1635897600019,2021-11-03 00:00:00,0.00075285,
1635926400000,2021-11-03 08:00:00,0.00086187,
1635955200005,2021-11-03 16:00:00,0.00047666,
1635984000006,2021-11-04 00:00:00,0.00018864,
1636012800004,2021-11-04 08:00:00,0.00080366,
1636041600004,2021-11-04 16:00:00,0.00061830,
1636070400000,2021-11-05 00:00:00,0.00035540,
1636099200013,2021-11-05 08:00:00,0.00078474,
1636128000016,2021-11-05 16:00:00,0.00033613,
1636156800010,2021-11-06 00:00:00,0.00012026,
1636185600000,2021-11-06 08:00:00,0.00041971,
1636214400007,2021-11-06 16:00:00,0.00016710,
1636243200013,2021-11-07 00:00:00,0.00014824,
1636272000005,2021-11-07 08:00:00,0.00068541,
1636300800004,2021-11-07 16:00:00,0.00056213,
1636329600001,2021-11-08 00:00:00,0.00063130,
1636358400000,2021-11-08 08:00:00,0.00093067,
1636387200000,2021-11-08 16:00:00,0.00081916,
1636416000000,2021-11-09 00:00:00,0.00060960,
1636444800014,2021-11-09 08:00:00,0.00097503,
1636473600001,2021-11-09 16:00:00,0.00039896,
1636502400000,2021-11-10 00:00:00,0.00072458,
1636531200003,2021-11-10 08:00:00,0.00076436,
1636560000001,2021-11-10 16:00:00,0.00070349,
1636588800008,2021-11-11 00:00:00,0.00010000,
1636617600012,2021-11-11 08:00:00,0.00010000,
1636646400007,2021-11-11 16:00:00,0.00010000,
1636675200000,2021-11-12 00:00:00,0.00017522,
1636704000000,2021-11-12 08:00:00,0.00019043,
1636732800004,2021-11-12 16:00:00,0.00010000,
1636761600000,2021-11-13 00:00:00,0.00010000,
1636790400004,2021-11-13 08:00:00,0.00014215,
1636819200006,2021-11-13 16:00:00,0.00010000,
1636848000010,2021-11-14 00:00:00,0.00021414,
1636876800001,2021-11-14 08:00:00,0.00022815,
1636905600000,2021-11-14 16:00:00,0.00031535,
1636934400008,2021-11-15 00:00:00,0.00033542,
1636963200000,2021-11-15 08:00:00,0.00044227,
1636992000000,2021-11-15 16:00:00,0.00032358,
1637020800000,2021-11-16 00:00:00,0.00039469,
1637049600001,2021-11-16 08:00:00,0.00010000,
1637078400018,2021-11-16 16:00:00,0.00010000,
1637107200005,2021-11-17 00:00:00,0.00010000,
1637136000007,2021-11-17 08:00:00,0.00010000,
1637164800003,2021-11-17 16:00:00,0.00010000,
1637193600017,2021-11-18 00:00:00,0.00010000,
1637222400007,2021-11-18 08:00:00,0.00010000,
1637251200011,2021-11-18 16:00:00,0.00010000,
1637280000000,2021-11-19 00:00:00,0.00010000,
1637308800000,2021-11-19 08:00:00,0.00010000,
1637337600005,2021-11-19 16:00:00,0.00010000,
1637366400012,2021-11-20 00:00:00,0.00010000,
1637395200000,2021-11-20 08:00:00,0.00010000,
1637424000007,2021-11-20 16:00:00,0.00010000,
1637452800000,2021-11-21 00:00:00,0.00010000,
1637481600006,2021-11-21 08:00:00,0.00010000,
1637510400000,2021-11-21 16:00:00,0.00010000,
1637539200004,2021-11-22 00:00:00,0.00010000,
1637568000000,2021-11-22 08:00:00,0.00011039,
1637596800000,2021-11-22 16:00:00,0.00010000,
1637625600004,2021-11-23 00:00:00,0.00010000,
1637654400010,2021-11-23 08:00:00,0.00010000,
1637683200005,2021-11-23 16:00:00,0.00010000,
1637712000001,2021-11-24 00:00:00,0.00010000,
1637740800003,2021-11-24 08:00:00,0.00023572,
1637769600010,2021-11-24 16:00:00,0.00010000,
1637798400000,2021-11-25 00:00:00,0.00010000,
1637827200010,2021-11-25 08:00:00,0.00034557,
1637856000000,2021-11-25 16:00:00,0.00039494,
1637884800000,2021-11-26 00:00:00,0.00037681,
1637913600000,2021-11-26 08:00:00,0.00045751,
1637942400016,2021-11-26 16:00:00,0.00010000,
1637971200005,2021-11-27 00:00:00,0.00010000,
1638000000008,2021-11-27 08:00:00,0.00010000,
1638028800007,2021-11-27 16:00:00,0.00010000,
1638057600018,2021-11-28 00:00:00,0.00010000,
1638086400000,2021-11-28 08:00:00,0.00010000,
1638115200004,2021-11-28 16:00:00,0.00010000,
1638144000002,2021-11-29 00:00:00,0.00010000,
1638172800004,2021-11-29 08:00:00,0.00010000,
1638201600000,2021-11-29 16:00:00,0.00010000,
1638230400000,2021-11-30 00:00:00,0.00010000,
1638259200006,2021-11-30 08:00:00,0.00010000,
1638288000000,2021-11-30 16:00:00,0.00012657,
1638316800000,2021-12-01 00:00:00,0.00014658,
1638345600000,2021-12-01 08:00:00,0.00010000,
1638374400001,2021-12-01 16:00:00,0.00016359,
1638403200000,2021-12-02 00:00:00,0.00011774,
1638432000007,2021-12-02 08:00:00,0.00010000,
1638460800008,2021-12-02 16:00:00,0.00010000,
1638489600004,2021-12-03 00:00:00,0.00010000,
1638518400002,2021-12-03 08:00:00,0.00010000,
1638547200006,2021-12-03 16:00:00,0.00010000,
1638576000006,2021-12-04 00:00:00,0.00010000,
1638604800004,2021-12-04 08:00:00,0.00010000,
1638633600000,2021-12-04 16:00:00,0.00010000,
1638662400003,2021-12-05 00:00:00,0.00010000,
1638691200008,2021-12-05 08:00:00,0.00010000,
1638720000007,2021-12-05 16:00:00,0.00010000,
1638748800009,2021-12-06 00:00:00,0.00010000,
1638777600001,2021-12-06 08:00:00,0.00010000,
1638806400000,2021-12-06 16:00:00,0.00010000,
1638835200018,2021-12-07 00:00:00,0.00010000,
1638864000000,2021-12-07 08:00:00,0.00010000,
1638892800000,2021-12-07 16:00:00,0.00010000,
1638921600000,2021-12-08 00:00:00,0.00010000,
1638950400018,2021-12-08 08:00:00,0.00010000,
1638979200010,2021-12-08 16:00:00,0.00010000,
1639008000010,2021-12-09 00:00:00,0.00010000,
1639036800000,2021-12-09 08:00:00,0.00010000,
1639065600000,2021-12-09 16:00:00,0.00010000,
1639094400000,2021-12-10 00:00:00,0.00010000,
1639123200008,2021-12-10 08:00:00,0.00010000,
1639152000012,2021-12-10 16:00:00,0.00010000,
1639180800009,2021-12-11 00:00:00,0.00010000,
1639209600008,2021-12-11 08:00:00,0.00010000,
1639238400000,2021-12-11 16:00:00,0.00010000,
1639267200001,2021-12-12 00:00:00,0.00010000,
1639296000015,2021-12-12 08:00:00,0.00010000,
1639324800011,2021-12-12 16:00:00,0.00010000,
1639353600006,2021-12-13 00:00:00,0.00010000,
1639382400019,2021-12-13 08:00:00,0.00010000,
1639411200000,2021-12-13 16:00:00,0.00010000,
1639440000004,2021-12-14 00:00:00,0.00010000,
1639468800000,2021-12-14 08:00:00,0.00010000,
1639497600015,2021-12-14 16:00:00,0.00010000,
1639526400000,2021-12-15 00:00:00,0.00010000,
1639555200008,2021-12-15 08:00:00,0.00010000,
1639584000005,2021-12-15 16:00:00,0.00010000,
1639612800006,2021-12-16 00:00:00,0.00010000,
1639641600009,2021-12-16 08:00:00,0.00010000,
1639670400000,2021-12-16 16:00:00,0.00010000,
1639699200000,2021-12-17 00:00:00,0.00010000,
1639728000005,2021-12-17 08:00:00,0.00010000,
1639756800006,2021-12-17 16:00:00,0.00010000,
1639785600014,2021-12-18 00:00:00,0.00010000,
1639814400012,2021-12-18 08:00:00,0.00010000,
1639843200000,2021-12-18 16:00:00,0.00010000,
1639872000031,2021-12-19 00:00:00,0.00010000,
1639900800000,2021-12-19 08:00:00,0.00010000,
1639929600003,2021-12-19 16:00:00,0.00010000,
1639958400015,2021-12-20 00:00:00,0.00010000,
1639987200007,2021-12-20 08:00:00,0.00010000,
1640016000005,2021-12-20 16:00:00,0.00010000,
1640044800003,2021-12-21 00:00:00,0.00010000,
1640073600012,2021-12-21 08:00:00,0.00010000,
1640102400005,2021-12-21 16:00:00,0.00010000,
1640131200000,2021-12-22 00:00:00,0.00010000,
1640160000001,2021-12-22 08:00:00,0.00010000,
1640188800006,2021-12-22 16:00:00,0.00010000,
1640217600011,2021-12-23 00:00:00,0.00010000,
1640246400000,2021-12-23 08:00:00,0.00010000,
1640275200000,2021-12-23 16:00:00,0.00010000,
1640304000005,2021-12-24 00:00:00,0.00010000,
1640332800000,2021-12-24 08:00:00,0.00010000,
1640361600011,2021-12-24 16:00:00,0.00010000,
1640390400000,2021-12-25 00:00:00,0.00010000,
1640419200001,2021-12-25 08:00:00,0.00010000,
1640448000005,2021-12-25 16:00:00,0.00010000,
1640476800004,2021-12-26 00:00:00,0.00010000,
1640505600002,2021-12-26 08:00:00,0.00010000,
1640534400000,2021-12-26 16:00:00,0.00010000,
1640563200002,2021-12-27 00:00:00,0.00010000,
1640592000005,2021-12-27 08:00:00,0.00010000,
1640620800000,2021-12-27 16:00:00,0.00010000,
1640649600000,2021-12-28 00:00:00,0.00010000,
1640678400012,2021-12-28 08:00:00,0.00010000,
1640707200000,2021-12-28 16:00:00,0.00010000,
1640736000006,2021-12-29 00:00:00,0.00010000,
1640764800003,2021-12-29 08:00:00,0.00010000,
1640793600004,2021-12-29 16:00:00,0.00010000,
1640822400003,2021-12-30 00:00:00,0.00010000,
